[{"model": "admin.logentry", "pk": 1, "fields": {"action_time": "2022-10-31T17:37:44.847Z", "user": 1, "content_type": 6, "object_id": "1", "object_repr": "Shirts", "action_flag": 1, "change_message": "[{\"added\": {}}]"}}, {"model": "admin.logentry", "pk": 2, "fields": {"action_time": "2022-10-31T17:38:08.847Z", "user": 1, "content_type": 6, "object_id": "2", "object_repr": "Jeans", "action_flag": 1, "change_message": "[{\"added\": {}}]"}}, {"model": "admin.logentry", "pk": 3, "fields": {"action_time": "2022-10-31T17:38:33.782Z", "user": 1, "content_type": 6, "object_id": "3", "object_repr": "Jackets", "action_flag": 1, "change_message": "[{\"added\": {}}]"}}, {"model": "admin.logentry", "pk": 4, "fields": {"action_time": "2022-10-31T17:38:47.286Z", "user": 1, "content_type": 6, "object_id": "4", "object_repr": "Shoes", "action_flag": 1, "change_message": "[{\"added\": {}}]"}}, {"model": "admin.logentry", "pk": 5, "fields": {"action_time": "2022-10-31T17:58:58.947Z", "user": 1, "content_type": 8, "object_id": "1", "object_repr": "ATX-Jeans", "action_flag": 1, "change_message": "[{\"added\": {}}]"}}, {"model": "admin.logentry", "pk": 6, "fields": {"action_time": "2022-10-31T17:59:40.726Z", "user": 1, "content_type": 8, "object_id": "2", "object_repr": "Blue_Shirt", "action_flag": 1, "change_message": "[{\"added\": {}}]"}}, {"model": "admin.logentry", "pk": 7, "fields": {"action_time": "2022-10-31T18:00:45.175Z", "user": 1, "content_type": 8, "object_id": "3", "object_repr": "Puma-Ferrari-Shoes", "action_flag": 1, "change_message": "[{\"added\": {}}]"}}, {"model": "admin.logentry", "pk": 8, "fields": {"action_time": "2022-10-31T18:01:17.052Z", "user": 1, "content_type": 8, "object_id": "4", "object_repr": "US-Polo-Assn_Jacket", "action_flag": 1, "change_message": "[{\"added\": {}}]"}}, {"model": "admin.logentry", "pk": 9, "fields": {"action_time": "2022-11-03T21:50:15.928Z", "user": 1, "content_type": 8, "object_id": "2", "object_repr": "Blue_Shirt", "action_flag": 2, "change_message": "[{\"changed\": {\"fields\": [\"Stock\"]}}]"}}, {"model": "admin.logentry", "pk": 10, "fields": {"action_time": "2022-11-06T14:44:16.086Z", "user": 1, "content_type": 11, "object_id": "1", "object_repr": "Variation object (1)", "action_flag": 1, "change_message": "[{\"added\": {}}]"}}, {"model": "admin.logentry", "pk": 11, "fields": {"action_time": "2022-11-06T14:44:27.930Z", "user": 1, "content_type": 11, "object_id": "2", "object_repr": "Variation object (2)", "action_flag": 1, "change_message": "[{\"added\": {}}]"}}, {"model": "admin.logentry", "pk": 12, "fields": {"action_time": "2022-11-06T14:44:35.821Z", "user": 1, "content_type": 11, "object_id": "3", "object_repr": "Variation object (3)", "action_flag": 1, "change_message": "[{\"added\": {}}]"}}, {"model": "admin.logentry", "pk": 13, "fields": {"action_time": "2022-11-06T14:52:41.800Z", "user": 1, "content_type": 11, "object_id": "3", "object_repr": "Variation object (3)", "action_flag": 2, "change_message": "[{\"changed\": {\"fields\": [\"Is active\"]}}]"}}, {"model": "admin.logentry", "pk": 14, "fields": {"action_time": "2022-11-06T14:52:43.201Z", "user": 1, "content_type": 11, "object_id": "3", "object_repr": "Variation object (3)", "action_flag": 2, "change_message": "[{\"changed\": {\"fields\": [\"Is active\"]}}]"}}, {"model": "admin.logentry", "pk": 15, "fields": {"action_time": "2022-11-06T14:58:02.269Z", "user": 1, "content_type": 11, "object_id": "1", "object_repr": "Variation object (1)", "action_flag": 2, "change_message": "[{\"changed\": {\"fields\": [\"Variation value\"]}}]"}}, {"model": "admin.logentry", "pk": 16, "fields": {"action_time": "2022-11-06T15:13:45.376Z", "user": 1, "content_type": 11, "object_id": "4", "object_repr": "Variation object (4)", "action_flag": 1, "change_message": "[{\"added\": {}}]"}}, {"model": "admin.logentry", "pk": 17, "fields": {"action_time": "2022-11-06T15:13:52.170Z", "user": 1, "content_type": 11, "object_id": "5", "object_repr": "Variation object (5)", "action_flag": 1, "change_message": "[{\"added\": {}}]"}}, {"model": "admin.logentry", "pk": 18, "fields": {"action_time": "2022-11-06T15:13:57.772Z", "user": 1, "content_type": 11, "object_id": "6", "object_repr": "Variation object (6)", "action_flag": 1, "change_message": "[{\"added\": {}}]"}}, {"model": "admin.logentry", "pk": 19, "fields": {"action_time": "2022-11-06T20:46:33.876Z", "user": 1, "content_type": 7, "object_id": "5", "object_repr": "sdf@email.com", "action_flag": 3, "change_message": ""}}, {"model": "admin.logentry", "pk": 20, "fields": {"action_time": "2022-11-06T20:46:33.884Z", "user": 1, "content_type": 7, "object_id": "4", "object_repr": "jack2@email.com", "action_flag": 3, "change_message": ""}}, {"model": "admin.logentry", "pk": 21, "fields": {"action_time": "2022-11-06T20:46:33.892Z", "user": 1, "content_type": 7, "object_id": "3", "object_repr": "alan@email.com", "action_flag": 3, "change_message": ""}}, {"model": "admin.logentry", "pk": 22, "fields": {"action_time": "2022-11-07T14:54:26.616Z", "user": 1, "content_type": 7, "object_id": "8", "object_repr": "adam343@protonmail.com", "action_flag": 3, "change_message": ""}}, {"model": "admin.logentry", "pk": 23, "fields": {"action_time": "2022-11-07T14:54:26.622Z", "user": 1, "content_type": 7, "object_id": "7", "object_repr": "bob@mail.com", "action_flag": 3, "change_message": ""}}, {"model": "admin.logentry", "pk": 24, "fields": {"action_time": "2022-11-07T14:54:26.629Z", "user": 1, "content_type": 7, "object_id": "6", "object_repr": "adam@mail.com", "action_flag": 3, "change_message": ""}}, {"model": "admin.logentry", "pk": 25, "fields": {"action_time": "2022-11-07T15:10:50.414Z", "user": 1, "content_type": 7, "object_id": "9", "object_repr": "adam343@protonmail.com", "action_flag": 3, "change_message": ""}}, {"model": "admin.logentry", "pk": 26, "fields": {"action_time": "2022-11-07T15:12:03.237Z", "user": 1, "content_type": 7, "object_id": "10", "object_repr": "adam343@protonmail.com", "action_flag": 3, "change_message": ""}}, {"model": "admin.logentry", "pk": 27, "fields": {"action_time": "2022-11-08T20:04:03.473Z", "user": 1, "content_type": 9, "object_id": "43", "object_repr": "CartItem object (43)", "action_flag": 3, "change_message": ""}}, {"model": "admin.logentry", "pk": 28, "fields": {"action_time": "2022-11-08T20:04:03.484Z", "user": 1, "content_type": 9, "object_id": "42", "object_repr": "CartItem object (42)", "action_flag": 3, "change_message": ""}}, {"model": "admin.logentry", "pk": 29, "fields": {"action_time": "2022-11-08T20:04:03.492Z", "user": 1, "content_type": 9, "object_id": "40", "object_repr": "CartItem object (40)", "action_flag": 3, "change_message": ""}}, {"model": "admin.logentry", "pk": 30, "fields": {"action_time": "2022-11-08T20:04:03.499Z", "user": 1, "content_type": 9, "object_id": "39", "object_repr": "CartItem object (39)", "action_flag": 3, "change_message": ""}}, {"model": "admin.logentry", "pk": 31, "fields": {"action_time": "2022-11-08T20:04:03.506Z", "user": 1, "content_type": 9, "object_id": "38", "object_repr": "CartItem object (38)", "action_flag": 3, "change_message": ""}}, {"model": "admin.logentry", "pk": 32, "fields": {"action_time": "2022-11-08T20:04:03.513Z", "user": 1, "content_type": 9, "object_id": "37", "object_repr": "CartItem object (37)", "action_flag": 3, "change_message": ""}}, {"model": "admin.logentry", "pk": 33, "fields": {"action_time": "2022-11-08T20:04:03.519Z", "user": 1, "content_type": 9, "object_id": "36", "object_repr": "CartItem object (36)", "action_flag": 3, "change_message": ""}}, {"model": "admin.logentry", "pk": 34, "fields": {"action_time": "2022-11-08T20:07:19.191Z", "user": 1, "content_type": 9, "object_id": "45", "object_repr": "CartItem object (45)", "action_flag": 3, "change_message": ""}}, {"model": "admin.logentry", "pk": 35, "fields": {"action_time": "2022-11-08T20:07:19.199Z", "user": 1, "content_type": 9, "object_id": "44", "object_repr": "CartItem object (44)", "action_flag": 3, "change_message": ""}}, {"model": "admin.logentry", "pk": 36, "fields": {"action_time": "2022-11-08T20:47:09.917Z", "user": 1, "content_type": 9, "object_id": "55", "object_repr": "CartItem object (55)", "action_flag": 3, "change_message": ""}}, {"model": "admin.logentry", "pk": 37, "fields": {"action_time": "2022-11-08T20:47:09.924Z", "user": 1, "content_type": 9, "object_id": "54", "object_repr": "CartItem object (54)", "action_flag": 3, "change_message": ""}}, {"model": "admin.logentry", "pk": 38, "fields": {"action_time": "2022-11-08T20:47:09.932Z", "user": 1, "content_type": 9, "object_id": "53", "object_repr": "CartItem object (53)", "action_flag": 3, "change_message": ""}}, {"model": "admin.logentry", "pk": 39, "fields": {"action_time": "2022-11-08T20:47:09.939Z", "user": 1, "content_type": 9, "object_id": "52", "object_repr": "CartItem object (52)", "action_flag": 3, "change_message": ""}}, {"model": "admin.logentry", "pk": 40, "fields": {"action_time": "2022-11-08T20:47:09.944Z", "user": 1, "content_type": 9, "object_id": "51", "object_repr": "CartItem object (51)", "action_flag": 3, "change_message": ""}}, {"model": "admin.logentry", "pk": 41, "fields": {"action_time": "2022-11-08T20:47:09.949Z", "user": 1, "content_type": 9, "object_id": "50", "object_repr": "CartItem object (50)", "action_flag": 3, "change_message": ""}}, {"model": "admin.logentry", "pk": 42, "fields": {"action_time": "2022-11-08T20:47:09.954Z", "user": 1, "content_type": 9, "object_id": "49", "object_repr": "CartItem object (49)", "action_flag": 3, "change_message": ""}}, {"model": "admin.logentry", "pk": 43, "fields": {"action_time": "2022-11-08T20:47:09.961Z", "user": 1, "content_type": 9, "object_id": "48", "object_repr": "CartItem object (48)", "action_flag": 3, "change_message": ""}}, {"model": "admin.logentry", "pk": 44, "fields": {"action_time": "2022-11-08T20:47:09.970Z", "user": 1, "content_type": 9, "object_id": "47", "object_repr": "CartItem object (47)", "action_flag": 3, "change_message": ""}}, {"model": "admin.logentry", "pk": 45, "fields": {"action_time": "2022-11-08T20:47:09.977Z", "user": 1, "content_type": 9, "object_id": "46", "object_repr": "CartItem object (46)", "action_flag": 3, "change_message": ""}}, {"model": "admin.logentry", "pk": 46, "fields": {"action_time": "2022-11-08T20:49:24.627Z", "user": 1, "content_type": 9, "object_id": "59", "object_repr": "CartItem object (59)", "action_flag": 3, "change_message": ""}}, {"model": "admin.logentry", "pk": 47, "fields": {"action_time": "2022-11-08T20:49:24.635Z", "user": 1, "content_type": 9, "object_id": "58", "object_repr": "CartItem object (58)", "action_flag": 3, "change_message": ""}}, {"model": "admin.logentry", "pk": 48, "fields": {"action_time": "2022-11-08T20:49:24.642Z", "user": 1, "content_type": 9, "object_id": "57", "object_repr": "CartItem object (57)", "action_flag": 3, "change_message": ""}}, {"model": "admin.logentry", "pk": 49, "fields": {"action_time": "2022-11-08T20:49:24.650Z", "user": 1, "content_type": 9, "object_id": "56", "object_repr": "CartItem object (56)", "action_flag": 3, "change_message": ""}}, {"model": "admin.logentry", "pk": 50, "fields": {"action_time": "2022-11-08T20:51:24.156Z", "user": 1, "content_type": 9, "object_id": "63", "object_repr": "CartItem object (63)", "action_flag": 3, "change_message": ""}}, {"model": "admin.logentry", "pk": 51, "fields": {"action_time": "2022-11-08T20:51:24.167Z", "user": 1, "content_type": 9, "object_id": "62", "object_repr": "CartItem object (62)", "action_flag": 3, "change_message": ""}}, {"model": "admin.logentry", "pk": 52, "fields": {"action_time": "2022-11-08T20:51:24.174Z", "user": 1, "content_type": 9, "object_id": "61", "object_repr": "CartItem object (61)", "action_flag": 3, "change_message": ""}}, {"model": "admin.logentry", "pk": 53, "fields": {"action_time": "2022-11-08T20:51:24.178Z", "user": 1, "content_type": 9, "object_id": "60", "object_repr": "CartItem object (60)", "action_flag": 3, "change_message": ""}}, {"model": "admin.logentry", "pk": 54, "fields": {"action_time": "2022-11-08T20:54:32.263Z", "user": 1, "content_type": 9, "object_id": "68", "object_repr": "CartItem object (68)", "action_flag": 3, "change_message": ""}}, {"model": "admin.logentry", "pk": 55, "fields": {"action_time": "2022-11-08T20:54:32.274Z", "user": 1, "content_type": 9, "object_id": "67", "object_repr": "CartItem object (67)", "action_flag": 3, "change_message": ""}}, {"model": "admin.logentry", "pk": 56, "fields": {"action_time": "2022-11-08T20:54:32.279Z", "user": 1, "content_type": 9, "object_id": "66", "object_repr": "CartItem object (66)", "action_flag": 3, "change_message": ""}}, {"model": "admin.logentry", "pk": 57, "fields": {"action_time": "2022-11-08T20:54:32.284Z", "user": 1, "content_type": 9, "object_id": "65", "object_repr": "CartItem object (65)", "action_flag": 3, "change_message": ""}}, {"model": "admin.logentry", "pk": 58, "fields": {"action_time": "2022-11-08T20:54:32.291Z", "user": 1, "content_type": 9, "object_id": "64", "object_repr": "CartItem object (64)", "action_flag": 3, "change_message": ""}}, {"model": "admin.logentry", "pk": 59, "fields": {"action_time": "2022-11-08T21:04:27.791Z", "user": 1, "content_type": 9, "object_id": "72", "object_repr": "CartItem object (72)", "action_flag": 3, "change_message": ""}}, {"model": "admin.logentry", "pk": 60, "fields": {"action_time": "2022-11-08T21:04:27.803Z", "user": 1, "content_type": 9, "object_id": "71", "object_repr": "CartItem object (71)", "action_flag": 3, "change_message": ""}}, {"model": "admin.logentry", "pk": 61, "fields": {"action_time": "2022-11-08T21:04:27.811Z", "user": 1, "content_type": 9, "object_id": "70", "object_repr": "CartItem object (70)", "action_flag": 3, "change_message": ""}}, {"model": "admin.logentry", "pk": 62, "fields": {"action_time": "2022-11-08T21:04:27.818Z", "user": 1, "content_type": 9, "object_id": "69", "object_repr": "CartItem object (69)", "action_flag": 3, "change_message": ""}}, {"model": "admin.logentry", "pk": 63, "fields": {"action_time": "2022-11-08T21:10:15.132Z", "user": 1, "content_type": 9, "object_id": "76", "object_repr": "CartItem object (76)", "action_flag": 3, "change_message": ""}}, {"model": "admin.logentry", "pk": 64, "fields": {"action_time": "2022-11-08T21:10:15.144Z", "user": 1, "content_type": 9, "object_id": "75", "object_repr": "CartItem object (75)", "action_flag": 3, "change_message": ""}}, {"model": "admin.logentry", "pk": 65, "fields": {"action_time": "2022-11-08T21:10:15.152Z", "user": 1, "content_type": 9, "object_id": "74", "object_repr": "CartItem object (74)", "action_flag": 3, "change_message": ""}}, {"model": "admin.logentry", "pk": 66, "fields": {"action_time": "2022-11-08T21:10:15.158Z", "user": 1, "content_type": 9, "object_id": "73", "object_repr": "CartItem object (73)", "action_flag": 3, "change_message": ""}}, {"model": "admin.logentry", "pk": 67, "fields": {"action_time": "2022-11-08T21:26:02.352Z", "user": 1, "content_type": 11, "object_id": "7", "object_repr": "White", "action_flag": 1, "change_message": "[{\"added\": {}}]"}}, {"model": "admin.logentry", "pk": 68, "fields": {"action_time": "2022-11-08T21:26:27.663Z", "user": 1, "content_type": 11, "object_id": "8", "object_repr": "Green", "action_flag": 1, "change_message": "[{\"added\": {}}]"}}, {"model": "admin.logentry", "pk": 69, "fields": {"action_time": "2022-11-08T21:26:33.899Z", "user": 1, "content_type": 11, "object_id": "9", "object_repr": "small", "action_flag": 1, "change_message": "[{\"added\": {}}]"}}, {"model": "admin.logentry", "pk": 70, "fields": {"action_time": "2022-11-08T21:26:41.982Z", "user": 1, "content_type": 11, "object_id": "10", "object_repr": "large", "action_flag": 1, "change_message": "[{\"added\": {}}]"}}, {"model": "admin.logentry", "pk": 71, "fields": {"action_time": "2022-11-08T21:26:47.632Z", "user": 1, "content_type": 11, "object_id": "11", "object_repr": "White", "action_flag": 1, "change_message": "[{\"added\": {}}]"}}, {"model": "admin.logentry", "pk": 72, "fields": {"action_time": "2022-11-08T21:26:53.787Z", "user": 1, "content_type": 11, "object_id": "12", "object_repr": "small", "action_flag": 1, "change_message": "[{\"added\": {}}]"}}, {"model": "admin.logentry", "pk": 73, "fields": {"action_time": "2022-11-08T21:27:01.608Z", "user": 1, "content_type": 11, "object_id": "13", "object_repr": "medium", "action_flag": 1, "change_message": "[{\"added\": {}}]"}}, {"model": "admin.logentry", "pk": 74, "fields": {"action_time": "2022-11-08T21:27:07.618Z", "user": 1, "content_type": 11, "object_id": "14", "object_repr": "Blue", "action_flag": 1, "change_message": "[{\"added\": {}}]"}}, {"model": "admin.logentry", "pk": 75, "fields": {"action_time": "2022-11-08T21:41:29.482Z", "user": 1, "content_type": 9, "object_id": "86", "object_repr": "CartItem object (86)", "action_flag": 3, "change_message": ""}}, {"model": "admin.logentry", "pk": 76, "fields": {"action_time": "2022-11-08T21:41:29.492Z", "user": 1, "content_type": 9, "object_id": "85", "object_repr": "CartItem object (85)", "action_flag": 3, "change_message": ""}}, {"model": "admin.logentry", "pk": 77, "fields": {"action_time": "2022-11-08T21:41:29.497Z", "user": 1, "content_type": 9, "object_id": "84", "object_repr": "CartItem object (84)", "action_flag": 3, "change_message": ""}}, {"model": "admin.logentry", "pk": 78, "fields": {"action_time": "2022-11-08T21:41:29.503Z", "user": 1, "content_type": 9, "object_id": "83", "object_repr": "CartItem object (83)", "action_flag": 3, "change_message": ""}}, {"model": "admin.logentry", "pk": 79, "fields": {"action_time": "2022-11-08T21:41:29.508Z", "user": 1, "content_type": 9, "object_id": "82", "object_repr": "CartItem object (82)", "action_flag": 3, "change_message": ""}}, {"model": "admin.logentry", "pk": 80, "fields": {"action_time": "2022-11-08T21:41:29.516Z", "user": 1, "content_type": 9, "object_id": "81", "object_repr": "CartItem object (81)", "action_flag": 3, "change_message": ""}}, {"model": "admin.logentry", "pk": 81, "fields": {"action_time": "2022-11-08T21:41:29.523Z", "user": 1, "content_type": 9, "object_id": "80", "object_repr": "CartItem object (80)", "action_flag": 3, "change_message": ""}}, {"model": "admin.logentry", "pk": 82, "fields": {"action_time": "2022-11-08T21:41:29.531Z", "user": 1, "content_type": 9, "object_id": "79", "object_repr": "CartItem object (79)", "action_flag": 3, "change_message": ""}}, {"model": "admin.logentry", "pk": 83, "fields": {"action_time": "2022-11-08T21:41:29.538Z", "user": 1, "content_type": 9, "object_id": "78", "object_repr": "CartItem object (78)", "action_flag": 3, "change_message": ""}}, {"model": "admin.logentry", "pk": 84, "fields": {"action_time": "2022-11-08T21:41:29.543Z", "user": 1, "content_type": 9, "object_id": "77", "object_repr": "CartItem object (77)", "action_flag": 3, "change_message": ""}}, {"model": "admin.logentry", "pk": 85, "fields": {"action_time": "2022-11-17T15:26:30.530Z", "user": 1, "content_type": 13, "object_id": "59", "object_repr": "asd", "action_flag": 3, "change_message": ""}}, {"model": "admin.logentry", "pk": 86, "fields": {"action_time": "2022-11-17T15:26:30.538Z", "user": 1, "content_type": 13, "object_id": "58", "object_repr": "asd", "action_flag": 3, "change_message": ""}}, {"model": "admin.logentry", "pk": 87, "fields": {"action_time": "2022-11-17T15:26:30.544Z", "user": 1, "content_type": 13, "object_id": "57", "object_repr": "asd", "action_flag": 3, "change_message": ""}}, {"model": "admin.logentry", "pk": 88, "fields": {"action_time": "2022-11-17T15:26:30.550Z", "user": 1, "content_type": 13, "object_id": "56", "object_repr": "asdsadf", "action_flag": 3, "change_message": ""}}, {"model": "admin.logentry", "pk": 89, "fields": {"action_time": "2022-11-17T15:26:30.555Z", "user": 1, "content_type": 13, "object_id": "55", "object_repr": "asdsadf", "action_flag": 3, "change_message": ""}}, {"model": "admin.logentry", "pk": 90, "fields": {"action_time": "2022-11-17T15:26:30.562Z", "user": 1, "content_type": 13, "object_id": "54", "object_repr": "asdsadf", "action_flag": 3, "change_message": ""}}, {"model": "admin.logentry", "pk": 91, "fields": {"action_time": "2022-11-17T15:26:30.570Z", "user": 1, "content_type": 13, "object_id": "53", "object_repr": "asdsadf", "action_flag": 3, "change_message": ""}}, {"model": "admin.logentry", "pk": 92, "fields": {"action_time": "2022-11-17T15:26:30.577Z", "user": 1, "content_type": 13, "object_id": "52", "object_repr": "sup", "action_flag": 3, "change_message": ""}}, {"model": "admin.logentry", "pk": 93, "fields": {"action_time": "2022-11-17T15:26:30.585Z", "user": 1, "content_type": 13, "object_id": "51", "object_repr": "sup", "action_flag": 3, "change_message": ""}}, {"model": "admin.logentry", "pk": 94, "fields": {"action_time": "2022-11-17T15:26:30.591Z", "user": 1, "content_type": 13, "object_id": "50", "object_repr": "sup", "action_flag": 3, "change_message": ""}}, {"model": "admin.logentry", "pk": 95, "fields": {"action_time": "2022-11-17T15:26:30.596Z", "user": 1, "content_type": 13, "object_id": "49", "object_repr": "sup", "action_flag": 3, "change_message": ""}}, {"model": "admin.logentry", "pk": 96, "fields": {"action_time": "2022-11-17T15:26:30.601Z", "user": 1, "content_type": 13, "object_id": "48", "object_repr": "sup", "action_flag": 3, "change_message": ""}}, {"model": "admin.logentry", "pk": 97, "fields": {"action_time": "2022-11-17T15:26:30.607Z", "user": 1, "content_type": 13, "object_id": "47", "object_repr": "sup", "action_flag": 3, "change_message": ""}}, {"model": "admin.logentry", "pk": 98, "fields": {"action_time": "2022-11-17T15:26:30.615Z", "user": 1, "content_type": 13, "object_id": "46", "object_repr": "sup", "action_flag": 3, "change_message": ""}}, {"model": "admin.logentry", "pk": 99, "fields": {"action_time": "2022-11-17T15:26:30.622Z", "user": 1, "content_type": 13, "object_id": "45", "object_repr": "sup", "action_flag": 3, "change_message": ""}}, {"model": "admin.logentry", "pk": 100, "fields": {"action_time": "2022-11-17T15:26:30.630Z", "user": 1, "content_type": 13, "object_id": "44", "object_repr": "sup", "action_flag": 3, "change_message": ""}}, {"model": "admin.logentry", "pk": 101, "fields": {"action_time": "2022-11-17T15:26:30.636Z", "user": 1, "content_type": 13, "object_id": "43", "object_repr": "sup", "action_flag": 3, "change_message": ""}}, {"model": "admin.logentry", "pk": 102, "fields": {"action_time": "2022-11-17T15:26:47.007Z", "user": 1, "content_type": 13, "object_id": "42", "object_repr": "sup", "action_flag": 3, "change_message": ""}}, {"model": "admin.logentry", "pk": 103, "fields": {"action_time": "2022-11-17T15:26:47.016Z", "user": 1, "content_type": 13, "object_id": "41", "object_repr": "sup", "action_flag": 3, "change_message": ""}}, {"model": "admin.logentry", "pk": 104, "fields": {"action_time": "2022-11-17T15:26:47.022Z", "user": 1, "content_type": 13, "object_id": "40", "object_repr": "sup", "action_flag": 3, "change_message": ""}}, {"model": "admin.logentry", "pk": 105, "fields": {"action_time": "2022-11-17T15:26:47.029Z", "user": 1, "content_type": 13, "object_id": "39", "object_repr": "sup", "action_flag": 3, "change_message": ""}}, {"model": "admin.logentry", "pk": 106, "fields": {"action_time": "2022-11-17T15:26:47.036Z", "user": 1, "content_type": 13, "object_id": "38", "object_repr": "sup", "action_flag": 3, "change_message": ""}}, {"model": "admin.logentry", "pk": 107, "fields": {"action_time": "2022-11-17T15:26:47.043Z", "user": 1, "content_type": 13, "object_id": "37", "object_repr": "sup", "action_flag": 3, "change_message": ""}}, {"model": "admin.logentry", "pk": 108, "fields": {"action_time": "2022-11-17T15:26:47.050Z", "user": 1, "content_type": 13, "object_id": "36", "object_repr": "sup", "action_flag": 3, "change_message": ""}}, {"model": "admin.logentry", "pk": 109, "fields": {"action_time": "2022-11-17T15:26:47.056Z", "user": 1, "content_type": 13, "object_id": "35", "object_repr": "sup", "action_flag": 3, "change_message": ""}}, {"model": "admin.logentry", "pk": 110, "fields": {"action_time": "2022-11-17T15:26:47.061Z", "user": 1, "content_type": 13, "object_id": "34", "object_repr": "sup", "action_flag": 3, "change_message": ""}}, {"model": "admin.logentry", "pk": 111, "fields": {"action_time": "2022-11-17T15:26:47.068Z", "user": 1, "content_type": 13, "object_id": "33", "object_repr": "sup", "action_flag": 3, "change_message": ""}}, {"model": "admin.logentry", "pk": 112, "fields": {"action_time": "2022-11-17T15:26:47.077Z", "user": 1, "content_type": 13, "object_id": "32", "object_repr": "sup", "action_flag": 3, "change_message": ""}}, {"model": "admin.logentry", "pk": 113, "fields": {"action_time": "2022-11-17T15:26:47.085Z", "user": 1, "content_type": 13, "object_id": "31", "object_repr": "sup", "action_flag": 3, "change_message": ""}}, {"model": "admin.logentry", "pk": 114, "fields": {"action_time": "2022-11-17T15:26:47.095Z", "user": 1, "content_type": 13, "object_id": "30", "object_repr": "sup", "action_flag": 3, "change_message": ""}}, {"model": "admin.logentry", "pk": 115, "fields": {"action_time": "2022-11-17T15:26:47.102Z", "user": 1, "content_type": 13, "object_id": "29", "object_repr": "sup", "action_flag": 3, "change_message": ""}}, {"model": "admin.logentry", "pk": 116, "fields": {"action_time": "2022-11-17T15:26:47.108Z", "user": 1, "content_type": 13, "object_id": "28", "object_repr": "sup", "action_flag": 3, "change_message": ""}}, {"model": "admin.logentry", "pk": 117, "fields": {"action_time": "2022-11-17T15:26:47.114Z", "user": 1, "content_type": 13, "object_id": "27", "object_repr": "asd", "action_flag": 3, "change_message": ""}}, {"model": "admin.logentry", "pk": 118, "fields": {"action_time": "2022-11-17T15:26:47.120Z", "user": 1, "content_type": 13, "object_id": "26", "object_repr": "asd", "action_flag": 3, "change_message": ""}}, {"model": "admin.logentry", "pk": 119, "fields": {"action_time": "2022-11-17T15:26:47.128Z", "user": 1, "content_type": 13, "object_id": "25", "object_repr": "sup", "action_flag": 3, "change_message": ""}}, {"model": "admin.logentry", "pk": 120, "fields": {"action_time": "2022-11-17T15:26:47.140Z", "user": 1, "content_type": 13, "object_id": "24", "object_repr": "sup", "action_flag": 3, "change_message": ""}}, {"model": "admin.logentry", "pk": 121, "fields": {"action_time": "2022-11-17T15:26:47.149Z", "user": 1, "content_type": 13, "object_id": "23", "object_repr": "sup", "action_flag": 3, "change_message": ""}}, {"model": "admin.logentry", "pk": 122, "fields": {"action_time": "2022-11-17T15:26:47.157Z", "user": 1, "content_type": 13, "object_id": "22", "object_repr": "sup", "action_flag": 3, "change_message": ""}}, {"model": "admin.logentry", "pk": 123, "fields": {"action_time": "2022-11-17T15:26:47.162Z", "user": 1, "content_type": 13, "object_id": "21", "object_repr": "sup", "action_flag": 3, "change_message": ""}}, {"model": "admin.logentry", "pk": 124, "fields": {"action_time": "2022-11-17T15:26:47.169Z", "user": 1, "content_type": 13, "object_id": "20", "object_repr": "sup", "action_flag": 3, "change_message": ""}}, {"model": "admin.logentry", "pk": 125, "fields": {"action_time": "2022-11-17T15:26:47.174Z", "user": 1, "content_type": 13, "object_id": "19", "object_repr": "asd", "action_flag": 3, "change_message": ""}}, {"model": "admin.logentry", "pk": 126, "fields": {"action_time": "2022-11-17T15:26:47.184Z", "user": 1, "content_type": 13, "object_id": "18", "object_repr": "asd", "action_flag": 3, "change_message": ""}}, {"model": "admin.logentry", "pk": 127, "fields": {"action_time": "2022-11-17T15:26:47.192Z", "user": 1, "content_type": 13, "object_id": "17", "object_repr": "asd", "action_flag": 3, "change_message": ""}}, {"model": "admin.logentry", "pk": 128, "fields": {"action_time": "2022-11-17T15:26:47.201Z", "user": 1, "content_type": 13, "object_id": "16", "object_repr": "super", "action_flag": 3, "change_message": ""}}, {"model": "admin.logentry", "pk": 129, "fields": {"action_time": "2022-11-17T15:26:47.208Z", "user": 1, "content_type": 13, "object_id": "15", "object_repr": "super", "action_flag": 3, "change_message": ""}}, {"model": "admin.logentry", "pk": 130, "fields": {"action_time": "2022-11-17T15:26:47.215Z", "user": 1, "content_type": 13, "object_id": "14", "object_repr": "super", "action_flag": 3, "change_message": ""}}, {"model": "admin.logentry", "pk": 131, "fields": {"action_time": "2022-11-17T15:26:47.221Z", "user": 1, "content_type": 13, "object_id": "13", "object_repr": "super", "action_flag": 3, "change_message": ""}}, {"model": "admin.logentry", "pk": 132, "fields": {"action_time": "2022-11-17T15:26:47.227Z", "user": 1, "content_type": 13, "object_id": "12", "object_repr": "super", "action_flag": 3, "change_message": ""}}, {"model": "admin.logentry", "pk": 133, "fields": {"action_time": "2022-11-17T15:26:47.236Z", "user": 1, "content_type": 13, "object_id": "11", "object_repr": "super", "action_flag": 3, "change_message": ""}}, {"model": "admin.logentry", "pk": 134, "fields": {"action_time": "2022-11-17T15:26:47.244Z", "user": 1, "content_type": 13, "object_id": "10", "object_repr": "super", "action_flag": 3, "change_message": ""}}, {"model": "admin.logentry", "pk": 135, "fields": {"action_time": "2022-11-17T15:26:47.252Z", "user": 1, "content_type": 13, "object_id": "9", "object_repr": "Adam", "action_flag": 3, "change_message": ""}}, {"model": "admin.logentry", "pk": 136, "fields": {"action_time": "2022-11-17T15:26:47.258Z", "user": 1, "content_type": 13, "object_id": "8", "object_repr": "Adam", "action_flag": 3, "change_message": ""}}, {"model": "admin.logentry", "pk": 137, "fields": {"action_time": "2022-11-17T15:26:47.264Z", "user": 1, "content_type": 13, "object_id": "7", "object_repr": "Adam", "action_flag": 3, "change_message": ""}}, {"model": "admin.logentry", "pk": 138, "fields": {"action_time": "2022-11-17T15:26:47.270Z", "user": 1, "content_type": 13, "object_id": "6", "object_repr": "Adam", "action_flag": 3, "change_message": ""}}, {"model": "admin.logentry", "pk": 139, "fields": {"action_time": "2022-11-17T15:26:47.279Z", "user": 1, "content_type": 13, "object_id": "5", "object_repr": "fgh", "action_flag": 3, "change_message": ""}}, {"model": "admin.logentry", "pk": 140, "fields": {"action_time": "2022-11-17T15:26:47.287Z", "user": 1, "content_type": 13, "object_id": "4", "object_repr": "fgh", "action_flag": 3, "change_message": ""}}, {"model": "admin.logentry", "pk": 141, "fields": {"action_time": "2022-11-17T15:26:47.295Z", "user": 1, "content_type": 13, "object_id": "3", "object_repr": "fgh", "action_flag": 3, "change_message": ""}}, {"model": "admin.logentry", "pk": 142, "fields": {"action_time": "2022-11-17T15:26:47.303Z", "user": 1, "content_type": 13, "object_id": "2", "object_repr": "fgh", "action_flag": 3, "change_message": ""}}, {"model": "admin.logentry", "pk": 143, "fields": {"action_time": "2022-11-17T15:26:47.309Z", "user": 1, "content_type": 13, "object_id": "1", "object_repr": "asd", "action_flag": 3, "change_message": ""}}, {"model": "admin.logentry", "pk": 144, "fields": {"action_time": "2022-11-19T19:10:58.571Z", "user": 1, "content_type": 15, "object_id": "2", "object_repr": "Brrrrrrrrr", "action_flag": 1, "change_message": "[{\"added\": {}}]"}}, {"model": "admin.logentry", "pk": 145, "fields": {"action_time": "2022-11-20T17:40:22.515Z", "user": 1, "content_type": 7, "object_id": "1", "object_repr": "super@email.com", "action_flag": 2, "change_message": "[{\"changed\": {\"fields\": [\"Phone number\"]}}]"}}, {"model": "admin.logentry", "pk": 146, "fields": {"action_time": "2022-11-20T21:59:25.758Z", "user": 1, "content_type": 16, "object_id": "1", "object_repr": "super", "action_flag": 1, "change_message": "[{\"added\": {}}]"}}, {"model": "admin.logentry", "pk": 147, "fields": {"action_time": "2022-11-20T22:22:03.821Z", "user": 1, "content_type": 7, "object_id": "12", "object_repr": "adam.chlebba@protonmail.com", "action_flag": 3, "change_message": ""}}, {"model": "admin.logentry", "pk": 148, "fields": {"action_time": "2022-11-20T22:22:03.828Z", "user": 1, "content_type": 7, "object_id": "11", "object_repr": "adam343@protonmail.com", "action_flag": 3, "change_message": ""}}, {"model": "admin.logentry", "pk": 149, "fields": {"action_time": "2022-11-20T22:22:03.836Z", "user": 1, "content_type": 7, "object_id": "2", "object_repr": "jack@email.com", "action_flag": 3, "change_message": ""}}, {"model": "admin.logentry", "pk": 150, "fields": {"action_time": "2022-11-21T19:59:49.497Z", "user": 1, "content_type": 8, "object_id": "1", "object_repr": "ATX-Jeans", "action_flag": 2, "change_message": "[{\"added\": {\"name\": \"productgallery\", \"object\": \"ATX-Jeans\"}}]"}}, {"model": "admin.logentry", "pk": 151, "fields": {"action_time": "2022-11-21T20:00:02.473Z", "user": 1, "content_type": 8, "object_id": "1", "object_repr": "ATX-Jeans", "action_flag": 2, "change_message": "[{\"added\": {\"name\": \"productgallery\", \"object\": \"ATX-Jeans\"}}]"}}, {"model": "admin.logentry", "pk": 152, "fields": {"action_time": "2022-11-22T21:16:44.518Z", "user": 1, "content_type": 8, "object_id": "4", "object_repr": "US-Polo-Assn_Jacket", "action_flag": 2, "change_message": "[{\"changed\": {\"fields\": [\"Price\", \"Stock\"]}}]"}}, {"model": "admin.logentry", "pk": 153, "fields": {"action_time": "2022-11-22T21:16:58.196Z", "user": 1, "content_type": 8, "object_id": "3", "object_repr": "Puma-Ferrari-Shoes", "action_flag": 2, "change_message": "[{\"changed\": {\"fields\": [\"Price\", \"Stock\"]}}]"}}, {"model": "admin.logentry", "pk": 154, "fields": {"action_time": "2022-11-22T21:17:10.911Z", "user": 1, "content_type": 8, "object_id": "2", "object_repr": "Blue_Shirt", "action_flag": 2, "change_message": "[{\"changed\": {\"fields\": [\"Price\", \"Stock\"]}}]"}}, {"model": "admin.logentry", "pk": 155, "fields": {"action_time": "2022-11-22T21:17:27.513Z", "user": 1, "content_type": 8, "object_id": "1", "object_repr": "ATX-Jeans", "action_flag": 2, "change_message": "[{\"changed\": {\"fields\": [\"Price\", \"Stock\"]}}]"}}, {"model": "admin.logentry", "pk": 156, "fields": {"action_time": "2022-11-22T21:19:19.228Z", "user": 1, "content_type": 8, "object_id": "5", "object_repr": "Great-Tshirt", "action_flag": 1, "change_message": "[{\"added\": {}}]"}}, {"model": "admin.logentry", "pk": 157, "fields": {"action_time": "2022-11-22T21:20:16.391Z", "user": 1, "content_type": 8, "object_id": "5", "object_repr": "Great-Tshirt", "action_flag": 2, "change_message": "[]"}}, {"model": "admin.logentry", "pk": 158, "fields": {"action_time": "2022-11-22T21:21:27.226Z", "user": 1, "content_type": 8, "object_id": "6", "object_repr": "jordan-basketball-shoes", "action_flag": 1, "change_message": "[{\"added\": {}}]"}}, {"model": "admin.logentry", "pk": 159, "fields": {"action_time": "2022-11-22T21:22:02.501Z", "user": 1, "content_type": 8, "object_id": "7", "object_repr": "Wrangler-Shirt", "action_flag": 1, "change_message": "[{\"added\": {}}]"}}, {"model": "admin.logentry", "pk": 160, "fields": {"action_time": "2022-11-22T21:24:06.868Z", "user": 1, "content_type": 8, "object_id": "8", "object_repr": "Fancy_Jacket", "action_flag": 1, "change_message": "[{\"added\": {}}]"}}, {"model": "admin.logentry", "pk": 161, "fields": {"action_time": "2022-11-22T21:24:46.766Z", "user": 1, "content_type": 8, "object_id": "9", "object_repr": "Running_shoes", "action_flag": 1, "change_message": "[{\"added\": {}}]"}}, {"model": "admin.logentry", "pk": 162, "fields": {"action_time": "2022-11-22T21:26:03.278Z", "user": 1, "content_type": 8, "object_id": "10", "object_repr": "Basic_tshirt", "action_flag": 1, "change_message": "[{\"added\": {}}]"}}, {"model": "admin.logentry", "pk": 163, "fields": {"action_time": "2022-11-22T21:29:08.773Z", "user": 1, "content_type": 11, "object_id": "15", "object_repr": "S", "action_flag": 1, "change_message": "[{\"added\": {}}]"}}, {"model": "admin.logentry", "pk": 164, "fields": {"action_time": "2022-11-22T21:29:14.787Z", "user": 1, "content_type": 11, "object_id": "16", "object_repr": "M", "action_flag": 1, "change_message": "[{\"added\": {}}]"}}, {"model": "admin.logentry", "pk": 165, "fields": {"action_time": "2022-11-22T21:29:25.584Z", "user": 1, "content_type": 11, "object_id": "17", "object_repr": "L", "action_flag": 1, "change_message": "[{\"added\": {}}]"}}, {"model": "admin.logentry", "pk": 166, "fields": {"action_time": "2022-11-22T21:29:30.929Z", "user": 1, "content_type": 11, "object_id": "18", "object_repr": "XL", "action_flag": 1, "change_message": "[{\"added\": {}}]"}}, {"model": "admin.logentry", "pk": 167, "fields": {"action_time": "2022-11-22T21:29:38.497Z", "user": 1, "content_type": 11, "object_id": "19", "object_repr": "Blue", "action_flag": 1, "change_message": "[{\"added\": {}}]"}}, {"model": "admin.logentry", "pk": 168, "fields": {"action_time": "2022-11-22T21:29:56.993Z", "user": 1, "content_type": 11, "object_id": "20", "object_repr": "Blue", "action_flag": 1, "change_message": "[{\"added\": {}}]"}}, {"model": "admin.logentry", "pk": 169, "fields": {"action_time": "2022-11-22T21:30:04.173Z", "user": 1, "content_type": 11, "object_id": "21", "object_repr": "Black", "action_flag": 1, "change_message": "[{\"added\": {}}]"}}, {"model": "admin.logentry", "pk": 170, "fields": {"action_time": "2022-11-22T21:30:17.554Z", "user": 1, "content_type": 11, "object_id": "22", "object_repr": "M", "action_flag": 1, "change_message": "[{\"added\": {}}]"}}, {"model": "admin.logentry", "pk": 171, "fields": {"action_time": "2022-11-22T21:30:22.784Z", "user": 1, "content_type": 11, "object_id": "23", "object_repr": "XL", "action_flag": 1, "change_message": "[{\"added\": {}}]"}}, {"model": "admin.logentry", "pk": 172, "fields": {"action_time": "2022-11-22T21:30:46.944Z", "user": 1, "content_type": 11, "object_id": "24", "object_repr": "Black/Grey", "action_flag": 1, "change_message": "[{\"added\": {}}]"}}, {"model": "admin.logentry", "pk": 173, "fields": {"action_time": "2022-11-22T21:30:57.228Z", "user": 1, "content_type": 11, "object_id": "25", "object_repr": "L", "action_flag": 1, "change_message": "[{\"added\": {}}]"}}, {"model": "admin.logentry", "pk": 174, "fields": {"action_time": "2022-11-22T21:31:02.588Z", "user": 1, "content_type": 11, "object_id": "26", "object_repr": "XL", "action_flag": 1, "change_message": "[{\"added\": {}}]"}}, {"model": "admin.logentry", "pk": 175, "fields": {"action_time": "2022-11-22T21:31:33.853Z", "user": 1, "content_type": 11, "object_id": "26", "object_repr": "XL", "action_flag": 3, "change_message": ""}}, {"model": "admin.logentry", "pk": 176, "fields": {"action_time": "2022-11-22T21:31:33.857Z", "user": 1, "content_type": 11, "object_id": "25", "object_repr": "L", "action_flag": 3, "change_message": ""}}, {"model": "admin.logentry", "pk": 177, "fields": {"action_time": "2022-11-22T21:31:55.156Z", "user": 1, "content_type": 11, "object_id": "27", "object_repr": "10", "action_flag": 1, "change_message": "[{\"added\": {}}]"}}, {"model": "admin.logentry", "pk": 178, "fields": {"action_time": "2022-11-22T21:32:01.764Z", "user": 1, "content_type": 11, "object_id": "28", "object_repr": "10.5", "action_flag": 1, "change_message": "[{\"added\": {}}]"}}, {"model": "admin.logentry", "pk": 179, "fields": {"action_time": "2022-11-22T21:32:07.625Z", "user": 1, "content_type": 11, "object_id": "29", "object_repr": "11", "action_flag": 1, "change_message": "[{\"added\": {}}]"}}, {"model": "admin.logentry", "pk": 180, "fields": {"action_time": "2022-11-22T21:32:13.702Z", "user": 1, "content_type": 11, "object_id": "30", "object_repr": "12", "action_flag": 1, "change_message": "[{\"added\": {}}]"}}, {"model": "admin.logentry", "pk": 181, "fields": {"action_time": "2022-11-22T21:32:31.151Z", "user": 1, "content_type": 11, "object_id": "31", "object_repr": "Blue", "action_flag": 1, "change_message": "[{\"added\": {}}]"}}, {"model": "admin.logentry", "pk": 182, "fields": {"action_time": "2022-11-22T21:32:43.385Z", "user": 1, "content_type": 11, "object_id": "32", "object_repr": "S", "action_flag": 1, "change_message": "[{\"added\": {}}]"}}, {"model": "admin.logentry", "pk": 183, "fields": {"action_time": "2022-11-22T21:32:55.040Z", "user": 1, "content_type": 11, "object_id": "33", "object_repr": "M", "action_flag": 1, "change_message": "[{\"added\": {}}]"}}, {"model": "admin.logentry", "pk": 184, "fields": {"action_time": "2022-11-22T21:33:00.117Z", "user": 1, "content_type": 11, "object_id": "34", "object_repr": "XL", "action_flag": 1, "change_message": "[{\"added\": {}}]"}}, {"model": "admin.logentry", "pk": 185, "fields": {"action_time": "2022-11-22T21:33:07.419Z", "user": 1, "content_type": 11, "object_id": "35", "object_repr": "Brown", "action_flag": 1, "change_message": "[{\"added\": {}}]"}}, {"model": "admin.logentry", "pk": 186, "fields": {"action_time": "2022-11-22T21:33:19.209Z", "user": 1, "content_type": 11, "object_id": "36", "object_repr": "M", "action_flag": 1, "change_message": "[{\"added\": {}}]"}}, {"model": "admin.logentry", "pk": 187, "fields": {"action_time": "2022-11-22T21:33:28.050Z", "user": 1, "content_type": 11, "object_id": "37", "object_repr": "L", "action_flag": 1, "change_message": "[{\"added\": {}}]"}}, {"model": "admin.logentry", "pk": 188, "fields": {"action_time": "2022-11-22T21:33:51.339Z", "user": 1, "content_type": 11, "object_id": "38", "object_repr": "Black", "action_flag": 1, "change_message": "[{\"added\": {}}]"}}, {"model": "admin.logentry", "pk": 189, "fields": {"action_time": "2022-11-22T21:34:04.024Z", "user": 1, "content_type": 11, "object_id": "39", "object_repr": "8", "action_flag": 1, "change_message": "[{\"added\": {}}]"}}, {"model": "admin.logentry", "pk": 190, "fields": {"action_time": "2022-11-22T21:34:09.081Z", "user": 1, "content_type": 11, "object_id": "40", "object_repr": "9", "action_flag": 1, "change_message": "[{\"added\": {}}]"}}, {"model": "admin.logentry", "pk": 191, "fields": {"action_time": "2022-11-22T21:34:25.587Z", "user": 1, "content_type": 11, "object_id": "41", "object_repr": "10", "action_flag": 1, "change_message": "[{\"added\": {}}]"}}, {"model": "admin.logentry", "pk": 192, "fields": {"action_time": "2022-11-22T21:34:30.215Z", "user": 1, "content_type": 11, "object_id": "42", "object_repr": "11", "action_flag": 1, "change_message": "[{\"added\": {}}]"}}, {"model": "admin.logentry", "pk": 193, "fields": {"action_time": "2022-11-22T21:34:48.583Z", "user": 1, "content_type": 11, "object_id": "43", "object_repr": "Red", "action_flag": 1, "change_message": "[{\"added\": {}}]"}}, {"model": "admin.logentry", "pk": 194, "fields": {"action_time": "2022-11-22T21:34:55.951Z", "user": 1, "content_type": 11, "object_id": "44", "object_repr": "Yellow", "action_flag": 1, "change_message": "[{\"added\": {}}]"}}, {"model": "admin.logentry", "pk": 195, "fields": {"action_time": "2022-11-22T21:35:13.132Z", "user": 1, "content_type": 11, "object_id": "45", "object_repr": "Green", "action_flag": 1, "change_message": "[{\"added\": {}}]"}}, {"model": "admin.logentry", "pk": 196, "fields": {"action_time": "2022-11-22T21:35:20.933Z", "user": 1, "content_type": 11, "object_id": "46", "object_repr": "Blue", "action_flag": 1, "change_message": "[{\"added\": {}}]"}}, {"model": "admin.logentry", "pk": 197, "fields": {"action_time": "2022-11-22T21:35:27.317Z", "user": 1, "content_type": 11, "object_id": "47", "object_repr": "White", "action_flag": 1, "change_message": "[{\"added\": {}}]"}}, {"model": "admin.logentry", "pk": 198, "fields": {"action_time": "2022-11-22T21:35:35.895Z", "user": 1, "content_type": 11, "object_id": "48", "object_repr": "small", "action_flag": 1, "change_message": "[{\"added\": {}}]"}}, {"model": "admin.logentry", "pk": 199, "fields": {"action_time": "2022-11-22T21:35:42.642Z", "user": 1, "content_type": 11, "object_id": "49", "object_repr": "medium", "action_flag": 1, "change_message": "[{\"added\": {}}]"}}, {"model": "admin.logentry", "pk": 200, "fields": {"action_time": "2022-11-22T21:35:48.289Z", "user": 1, "content_type": 11, "object_id": "50", "object_repr": "large", "action_flag": 1, "change_message": "[{\"added\": {}}]"}}, {"model": "auth.permission", "pk": 1, "fields": {"name": "Can add log entry", "content_type": 1, "codename": "add_logentry"}}, {"model": "auth.permission", "pk": 2, "fields": {"name": "Can change log entry", "content_type": 1, "codename": "change_logentry"}}, {"model": "auth.permission", "pk": 3, "fields": {"name": "Can delete log entry", "content_type": 1, "codename": "delete_logentry"}}, {"model": "auth.permission", "pk": 4, "fields": {"name": "Can view log entry", "content_type": 1, "codename": "view_logentry"}}, {"model": "auth.permission", "pk": 5, "fields": {"name": "Can add permission", "content_type": 2, "codename": "add_permission"}}, {"model": "auth.permission", "pk": 6, "fields": {"name": "Can change permission", "content_type": 2, "codename": "change_permission"}}, {"model": "auth.permission", "pk": 7, "fields": {"name": "Can delete permission", "content_type": 2, "codename": "delete_permission"}}, {"model": "auth.permission", "pk": 8, "fields": {"name": "Can view permission", "content_type": 2, "codename": "view_permission"}}, {"model": "auth.permission", "pk": 9, "fields": {"name": "Can add group", "content_type": 3, "codename": "add_group"}}, {"model": "auth.permission", "pk": 10, "fields": {"name": "Can change group", "content_type": 3, "codename": "change_group"}}, {"model": "auth.permission", "pk": 11, "fields": {"name": "Can delete group", "content_type": 3, "codename": "delete_group"}}, {"model": "auth.permission", "pk": 12, "fields": {"name": "Can view group", "content_type": 3, "codename": "view_group"}}, {"model": "auth.permission", "pk": 13, "fields": {"name": "Can add content type", "content_type": 4, "codename": "add_contenttype"}}, {"model": "auth.permission", "pk": 14, "fields": {"name": "Can change content type", "content_type": 4, "codename": "change_contenttype"}}, {"model": "auth.permission", "pk": 15, "fields": {"name": "Can delete content type", "content_type": 4, "codename": "delete_contenttype"}}, {"model": "auth.permission", "pk": 16, "fields": {"name": "Can view content type", "content_type": 4, "codename": "view_contenttype"}}, {"model": "auth.permission", "pk": 17, "fields": {"name": "Can add session", "content_type": 5, "codename": "add_session"}}, {"model": "auth.permission", "pk": 18, "fields": {"name": "Can change session", "content_type": 5, "codename": "change_session"}}, {"model": "auth.permission", "pk": 19, "fields": {"name": "Can delete session", "content_type": 5, "codename": "delete_session"}}, {"model": "auth.permission", "pk": 20, "fields": {"name": "Can view session", "content_type": 5, "codename": "view_session"}}, {"model": "auth.permission", "pk": 21, "fields": {"name": "Can add category", "content_type": 6, "codename": "add_category"}}, {"model": "auth.permission", "pk": 22, "fields": {"name": "Can change category", "content_type": 6, "codename": "change_category"}}, {"model": "auth.permission", "pk": 23, "fields": {"name": "Can delete category", "content_type": 6, "codename": "delete_category"}}, {"model": "auth.permission", "pk": 24, "fields": {"name": "Can view category", "content_type": 6, "codename": "view_category"}}, {"model": "auth.permission", "pk": 25, "fields": {"name": "Can add account", "content_type": 7, "codename": "add_account"}}, {"model": "auth.permission", "pk": 26, "fields": {"name": "Can change account", "content_type": 7, "codename": "change_account"}}, {"model": "auth.permission", "pk": 27, "fields": {"name": "Can delete account", "content_type": 7, "codename": "delete_account"}}, {"model": "auth.permission", "pk": 28, "fields": {"name": "Can view account", "content_type": 7, "codename": "view_account"}}, {"model": "auth.permission", "pk": 29, "fields": {"name": "Can add product", "content_type": 8, "codename": "add_product"}}, {"model": "auth.permission", "pk": 30, "fields": {"name": "Can change product", "content_type": 8, "codename": "change_product"}}, {"model": "auth.permission", "pk": 31, "fields": {"name": "Can delete product", "content_type": 8, "codename": "delete_product"}}, {"model": "auth.permission", "pk": 32, "fields": {"name": "Can view product", "content_type": 8, "codename": "view_product"}}, {"model": "auth.permission", "pk": 33, "fields": {"name": "Can add cart item", "content_type": 9, "codename": "add_cartitem"}}, {"model": "auth.permission", "pk": 34, "fields": {"name": "Can change cart item", "content_type": 9, "codename": "change_cartitem"}}, {"model": "auth.permission", "pk": 35, "fields": {"name": "Can delete cart item", "content_type": 9, "codename": "delete_cartitem"}}, {"model": "auth.permission", "pk": 36, "fields": {"name": "Can view cart item", "content_type": 9, "codename": "view_cartitem"}}, {"model": "auth.permission", "pk": 37, "fields": {"name": "Can add cart", "content_type": 10, "codename": "add_cart"}}, {"model": "auth.permission", "pk": 38, "fields": {"name": "Can change cart", "content_type": 10, "codename": "change_cart"}}, {"model": "auth.permission", "pk": 39, "fields": {"name": "Can delete cart", "content_type": 10, "codename": "delete_cart"}}, {"model": "auth.permission", "pk": 40, "fields": {"name": "Can view cart", "content_type": 10, "codename": "view_cart"}}, {"model": "auth.permission", "pk": 41, "fields": {"name": "Can add variation", "content_type": 11, "codename": "add_variation"}}, {"model": "auth.permission", "pk": 42, "fields": {"name": "Can change variation", "content_type": 11, "codename": "change_variation"}}, {"model": "auth.permission", "pk": 43, "fields": {"name": "Can delete variation", "content_type": 11, "codename": "delete_variation"}}, {"model": "auth.permission", "pk": 44, "fields": {"name": "Can view variation", "content_type": 11, "codename": "view_variation"}}, {"model": "auth.permission", "pk": 45, "fields": {"name": "Can add payment", "content_type": 12, "codename": "add_payment"}}, {"model": "auth.permission", "pk": 46, "fields": {"name": "Can change payment", "content_type": 12, "codename": "change_payment"}}, {"model": "auth.permission", "pk": 47, "fields": {"name": "Can delete payment", "content_type": 12, "codename": "delete_payment"}}, {"model": "auth.permission", "pk": 48, "fields": {"name": "Can view payment", "content_type": 12, "codename": "view_payment"}}, {"model": "auth.permission", "pk": 49, "fields": {"name": "Can add order", "content_type": 13, "codename": "add_order"}}, {"model": "auth.permission", "pk": 50, "fields": {"name": "Can change order", "content_type": 13, "codename": "change_order"}}, {"model": "auth.permission", "pk": 51, "fields": {"name": "Can delete order", "content_type": 13, "codename": "delete_order"}}, {"model": "auth.permission", "pk": 52, "fields": {"name": "Can view order", "content_type": 13, "codename": "view_order"}}, {"model": "auth.permission", "pk": 53, "fields": {"name": "Can add order product", "content_type": 14, "codename": "add_orderproduct"}}, {"model": "auth.permission", "pk": 54, "fields": {"name": "Can change order product", "content_type": 14, "codename": "change_orderproduct"}}, {"model": "auth.permission", "pk": 55, "fields": {"name": "Can delete order product", "content_type": 14, "codename": "delete_orderproduct"}}, {"model": "auth.permission", "pk": 56, "fields": {"name": "Can view order product", "content_type": 14, "codename": "view_orderproduct"}}, {"model": "auth.permission", "pk": 57, "fields": {"name": "Can add review rating", "content_type": 15, "codename": "add_reviewrating"}}, {"model": "auth.permission", "pk": 58, "fields": {"name": "Can change review rating", "content_type": 15, "codename": "change_reviewrating"}}, {"model": "auth.permission", "pk": 59, "fields": {"name": "Can delete review rating", "content_type": 15, "codename": "delete_reviewrating"}}, {"model": "auth.permission", "pk": 60, "fields": {"name": "Can view review rating", "content_type": 15, "codename": "view_reviewrating"}}, {"model": "auth.permission", "pk": 61, "fields": {"name": "Can add user profile", "content_type": 16, "codename": "add_userprofile"}}, {"model": "auth.permission", "pk": 62, "fields": {"name": "Can change user profile", "content_type": 16, "codename": "change_userprofile"}}, {"model": "auth.permission", "pk": 63, "fields": {"name": "Can delete user profile", "content_type": 16, "codename": "delete_userprofile"}}, {"model": "auth.permission", "pk": 64, "fields": {"name": "Can view user profile", "content_type": 16, "codename": "view_userprofile"}}, {"model": "auth.permission", "pk": 65, "fields": {"name": "Can add product gallery", "content_type": 17, "codename": "add_productgallery"}}, {"model": "auth.permission", "pk": 66, "fields": {"name": "Can change product gallery", "content_type": 17, "codename": "change_productgallery"}}, {"model": "auth.permission", "pk": 67, "fields": {"name": "Can delete product gallery", "content_type": 17, "codename": "delete_productgallery"}}, {"model": "auth.permission", "pk": 68, "fields": {"name": "Can view product gallery", "content_type": 17, "codename": "view_productgallery"}}, {"model": "contenttypes.contenttype", "pk": 1, "fields": {"app_label": "admin", "model": "logentry"}}, {"model": "contenttypes.contenttype", "pk": 2, "fields": {"app_label": "auth", "model": "permission"}}, {"model": "contenttypes.contenttype", "pk": 3, "fields": {"app_label": "auth", "model": "group"}}, {"model": "contenttypes.contenttype", "pk": 4, "fields": {"app_label": "contenttypes", "model": "contenttype"}}, {"model": "contenttypes.contenttype", "pk": 5, "fields": {"app_label": "sessions", "model": "session"}}, {"model": "contenttypes.contenttype", "pk": 6, "fields": {"app_label": "category", "model": "category"}}, {"model": "contenttypes.contenttype", "pk": 7, "fields": {"app_label": "accounts", "model": "account"}}, {"model": "contenttypes.contenttype", "pk": 8, "fields": {"app_label": "store", "model": "product"}}, {"model": "contenttypes.contenttype", "pk": 9, "fields": {"app_label": "carts", "model": "cartitem"}}, {"model": "contenttypes.contenttype", "pk": 10, "fields": {"app_label": "carts", "model": "cart"}}, {"model": "contenttypes.contenttype", "pk": 11, "fields": {"app_label": "store", "model": "variation"}}, {"model": "contenttypes.contenttype", "pk": 12, "fields": {"app_label": "orders", "model": "payment"}}, {"model": "contenttypes.contenttype", "pk": 13, "fields": {"app_label": "orders", "model": "order"}}, {"model": "contenttypes.contenttype", "pk": 14, "fields": {"app_label": "orders", "model": "orderproduct"}}, {"model": "contenttypes.contenttype", "pk": 15, "fields": {"app_label": "store", "model": "reviewrating"}}, {"model": "contenttypes.contenttype", "pk": 16, "fields": {"app_label": "accounts", "model": "userprofile"}}, {"model": "contenttypes.contenttype", "pk": 17, "fields": {"app_label": "store", "model": "productgallery"}}, {"model": "sessions.session", "pk": "8rasgeyi10itb8jdma8g9f1t6xn2p3b8", "fields": {"session_data": ".eJxVjMsOwiAUBf-FtSHA5enSfb-B8LhI1UBS2pXx322TLnR7Zua8iQ_bWv02cPFzJlfCyeV3iyE9sR0gP0K7d5p6W5c50kOhJx106hlft9P9O6hh1L1m0oC0gFazKHSUojiezd4rblEV0FmwwIKLOoOwkAoWpqRBJ3kxHCz5fAHHdDdE:1osUg5:IdPuafkJruGLlx4mkwFCQfI_IhRDpk94T5NWOs4OqFM", "expire_date": "2022-11-22T19:54:33.461Z"}}, {"model": "sessions.session", "pk": "9ew47nnmfkejqrhg3cgy1dqealxs6wzs", "fields": {"session_data": "e30:1os3q5:-CBkrEO41qqMJaPineMwUX8K9X2V1VmejhIYDgnb_QA", "expire_date": "2022-11-21T15:15:05.912Z"}}, {"model": "sessions.session", "pk": "beov8qjxppxwt38a7q3dscmznvfrue36", "fields": {"session_data": ".eJxVjMsOwiAUBf-FtSHA5enSfb-B8LhI1UBS2pXx322TLnR7Zua8iQ_bWv02cPFzJlfCyeV3iyE9sR0gP0K7d5p6W5c50kOhJx106hlft9P9O6hh1L1m0oC0gFazKHSUojiezd4rblEV0FmwwIKLOoOwkAoWpqRBJ3kxHCz5fAHHdDdE:1otBYC:T8hMFniZ59SU1F6MjhIKsGRFxSETm4_F5cgVKA4_Cws", "expire_date": "2022-11-24T17:41:16.279Z"}}, {"model": "sessions.session", "pk": "c7mi4t216lijmpjvnamxgok24qaxunta", "fields": {"session_data": "e30:1ovgbz:lpm01-I4M23SPebJ5K5lhEKQFLXe2NjFDJIDJDh1_BI", "expire_date": "2022-12-01T15:15:31.890Z"}}, {"model": "sessions.session", "pk": "i60rd34h60wyrvq0un6pr7awz4hgf37c", "fields": {"session_data": "e30:1otBIN:m4ST6lyQl4R7EK_meR5eFTBSpNSLL98b_XCvOCvHDbU", "expire_date": "2022-11-24T17:24:55.648Z"}}, {"model": "sessions.session", "pk": "jx5bms7fx2x56gxuk0z0vd2wegwkaju9", "fields": {"session_data": "e30:1orgZ4:kvt4HxgwsmGjB_RBFCbuXKfvvM-7ltCUiQQqA5hSV84", "expire_date": "2022-11-20T14:23:58.598Z"}}, {"model": "sessions.session", "pk": "mbme5iqjc0qawiy7um2i8csvtbomgbve", "fields": {"session_data": ".eJxVjMsOwiAUBf-FtSHA5enSfb-B8LhI1UBS2pXx322TLnR7Zua8iQ_bWv02cPFzJlfCyeV3iyE9sR0gP0K7d5p6W5c50kOhJx106hlft9P9O6hh1L1m0oC0gFazKHSUojiezd4rblEV0FmwwIKLOoOwkAoWpqRBJ3kxHCz5fAHHdDdE:1oxxzh:aADfNXCEaiTz2IJ6M2jPyJ5V6tG2xDB9pI5lnRuONAg", "expire_date": "2022-12-07T22:13:25.992Z"}}, {"model": "sessions.session", "pk": "xylod2zncrprucb26iefphn41ed934vo", "fields": {"session_data": ".eJxVjMsOwiAUBf-FtSHA5enSfb-B8LhI1UBS2pXx322TLnR7Zua8iQ_bWv02cPFzJlfCyeV3iyE9sR0gP0K7d5p6W5c50kOhJx106hlft9P9O6hh1L1m0oC0gFazKHSUojiezd4rblEV0FmwwIKLOoOwkAoWpqRBJ3kxHCz5fAHHdDdE:1oxCsK:prAXLp4f2EhGboSGuEbZAcSGmZyeaCmm0y4NXTtDfnE", "expire_date": "2022-12-05T19:54:40.268Z"}}, {"model": "category.category", "pk": 1, "fields": {"category_name": "Shirts", "slug": "shirts", "description": "Shirts sample category", "image": "photos/categories/shirts.jpg"}}, {"model": "category.category", "pk": 2, "fields": {"category_name": "Jeans", "slug": "jeans", "description": "Jeans category for tests", "image": "photos/categories/jeans.jpg"}}, {"model": "category.category", "pk": 3, "fields": {"category_name": "Jackets", "slug": "jackets", "description": "Test category for jackets", "image": "photos/categories/jackets.jpg"}}, {"model": "category.category", "pk": 4, "fields": {"category_name": "Shoes", "slug": "shoes", "description": "Shoes category", "image": "photos/categories/shoes.png"}}, {"model": "accounts.account", "pk": 1, "fields": {"password": "pbkdf2_sha256$216000$63FamVlbuuFW$o424t2yawJl/eJzzV9I6O9rj72qvC8chzbyOZnfFEMQ=", "first_name": "super", "last_name": "admin", "username": "super", "email": "super@email.com", "phone_number": "535 667 754", "date_joined": "2022-10-31T17:34:36.719Z", "last_login": "2022-11-23T22:13:25.981Z", "is_admin": true, "is_staff": true, "is_active": true, "is_superadmin": true}}, {"model": "accounts.account", "pk": 13, "fields": {"password": "pbkdf2_sha256$216000$Ohfr2buugpT0$pzrgOLItW8ZgKn/qVUMgkGNToAyRLQnMpsteCKxSe+s=", "first_name": "Adam", "last_name": "Mad", "username": "adam343", "email": "adam343@protonmail.com", "phone_number": "123123123", "date_joined": "2022-11-20T22:23:52.137Z", "last_login": "2022-11-21T17:16:28.614Z", "is_admin": false, "is_staff": false, "is_active": true, "is_superadmin": false}}, {"model": "accounts.userprofile", "pk": 1, "fields": {"user": 1, "address_line1": "Reja 6", "address_line2": "83-300", "profile_picture": "userprofile/Zrzut_ekranu_1.png", "city": "Kartuzy", "state": "Pomeranian", "country": "Poland"}}, {"model": "accounts.userprofile", "pk": 2, "fields": {"user": 13, "address_line1": "", "address_line2": "", "profile_picture": "userprofile/dualityflawless.png", "city": "", "state": "", "country": ""}}, {"model": "store.product", "pk": 1, "fields": {"product_name": "ATX-Jeans", "slug": "atx-jeans", "description": "Lorem ipsum dolor sit amet, consectetur adipiscing elit, sed do eiusmod tempor incididunt ut labore et dolore magna aliqua. Ut enim ad minim veniam, quis nostrud exercitation ullamco laboris nisi ut aliquip ex ea commodo consequat", "price": "36.60", "images": "photos/products/ATX-Jeans.jpg", "stock": 36, "is_available": true, "category": 2, "create_date": "2022-10-31T17:58:58.946Z", "modified_date": "2022-11-22T21:17:27.512Z"}}, {"model": "store.product", "pk": 2, "fields": {"product_name": "Blue_Shirt", "slug": "blue_shirt", "description": "Lorem ipsum dolor sit amet, consectetur adipiscing elit, sed do eiusmod tempor incididunt ut labore et dolore magna aliqua. Ut enim ad minim veniam, quis nostrud exercitation ullamco laboris nisi ut aliquip ex ea commodo consequat", "price": "22.22", "images": "photos/products/Blue-Shirt.jpg", "stock": 22, "is_available": true, "category": 1, "create_date": "2022-10-31T17:59:40.724Z", "modified_date": "2022-11-22T21:17:10.910Z"}}, {"model": "store.product", "pk": 3, "fields": {"product_name": "Puma-Ferrari-Shoes", "slug": "puma-ferrari-shoes", "description": "Lorem ipsum dolor sit amet, consectetur adipiscing elit, sed do eiusmod tempor incididunt ut labore et dolore magna aliqua. Ut enim ad minim veniam, quis nostrud exercitation ullamco laboris nisi ut aliquip ex ea commodo consequat", "price": "30.00", "images": "photos/products/Puma-Ferrari-Shoes.jpg", "stock": 40, "is_available": true, "category": 4, "create_date": "2022-10-31T18:00:45.173Z", "modified_date": "2022-11-22T21:16:58.194Z"}}, {"model": "store.product", "pk": 4, "fields": {"product_name": "US-Polo-Assn_Jacket", "slug": "us-polo-assn_jacket", "description": "Lorem ipsum dolor sit amet, consectetur adipiscing elit, sed do eiusmod tempor incididunt ut labore et dolore magna aliqua. Ut enim ad minim veniam, quis nostrud exercitation ullamco laboris nisi ut aliquip ex ea commodo consequat", "price": "65.00", "images": "photos/products/US-Polo-Assn_Jacket.jpg", "stock": 50, "is_available": true, "category": 3, "create_date": "2022-10-31T18:01:17.050Z", "modified_date": "2022-11-22T21:16:44.515Z"}}, {"model": "store.product", "pk": 5, "fields": {"product_name": "Great-Tshirt", "slug": "great-tshirt", "description": "Lorem ipsum dolor sit amet, consectetur adipiscing elit, sed do eiusmod tempor incididunt ut labore et dolore magna aliqua. Ut enim ad minim veniam, quis nostrud exercitation ullamco laboris nisi ut aliquip ex ea commodo consequat", "price": "15.00", "images": "photos/products/Great-Tshirt.jpg", "stock": 150, "is_available": true, "category": 1, "create_date": "2022-11-22T21:19:19.227Z", "modified_date": "2022-11-22T21:20:16.389Z"}}, {"model": "store.product", "pk": 6, "fields": {"product_name": "jordan-basketball-shoes", "slug": "jordan-basketball-shoes", "description": "Lorem ipsum dolor sit amet, consectetur adipiscing elit, sed do eiusmod tempor incididunt ut labore et dolore magna aliqua. Ut enim ad minim veniam, quis nostrud exercitation ullamco laboris nisi ut aliquip ex ea commodo consequat", "price": "130.00", "images": "photos/products/jordan-basketball-shoes.jpg", "stock": 20, "is_available": true, "category": 4, "create_date": "2022-11-22T21:21:27.224Z", "modified_date": "2022-11-22T21:21:27.224Z"}}, {"model": "store.product", "pk": 7, "fields": {"product_name": "Wrangler-Shirt", "slug": "wrangler-shirt", "description": "Lorem ipsum dolor sit amet, consectetur adipiscing elit, sed do eiusmod tempor incididunt ut labore et dolore magna aliqua. Ut enim ad minim veniam, quis nostrud exercitation ullamco laboris nisi ut aliquip ex ea commodo consequat", "price": "27.00", "images": "photos/products/Wrangler-Shirt.jpg", "stock": 27, "is_available": true, "category": 1, "create_date": "2022-11-22T21:22:02.500Z", "modified_date": "2022-11-22T21:22:02.500Z"}}, {"model": "store.product", "pk": 8, "fields": {"product_name": "Fancy_Jacket", "slug": "fancy_jacket", "description": "Lorem ipsum dolor sit amet, consectetur adipiscing elit, sed do eiusmod tempor incididunt ut labore et dolore magna aliqua. Ut enim ad minim veniam, quis nostrud exercitation ullamco laboris nisi ut aliquip ex ea commodo consequat", "price": "70.00", "images": "photos/products/jackets.jpg", "stock": 44, "is_available": true, "category": 3, "create_date": "2022-11-22T21:24:06.867Z", "modified_date": "2022-11-22T21:24:06.867Z"}}, {"model": "store.product", "pk": 9, "fields": {"product_name": "Running_shoes", "slug": "running_shoes", "description": "Lorem ipsum dolor sit amet, consectetur adipiscing elit, sed do eiusmod tempor incididunt ut labore et dolore magna aliqua. Ut enim ad minim veniam, quis nostrud exercitation ullamco laboris nisi ut aliquip ex ea commodo consequat", "price": "40.50", "images": "photos/products/shoes.png", "stock": 55, "is_available": true, "category": 4, "create_date": "2022-11-22T21:24:46.765Z", "modified_date": "2022-11-22T21:24:46.765Z"}}, {"model": "store.product", "pk": 10, "fields": {"product_name": "Basic_tshirt", "slug": "basic_tshirt", "description": "Lorem ipsum dolor sit amet, consectetur adipiscing elit, sed do eiusmod tempor incididunt ut labore et dolore magna aliqua. Ut enim ad minim veniam, quis nostrud exercitation ullamco laboris nisi ut aliquip ex ea commodo consequat", "price": "10.00", "images": "photos/products/tshirts.jpg", "stock": 100, "is_available": true, "category": 1, "create_date": "2022-11-22T21:26:03.277Z", "modified_date": "2022-11-22T21:26:03.277Z"}}, {"model": "store.variation", "pk": 1, "fields": {"product": 1, "variation_category": "color", "variation_value": "White", "is_active": true, "created_date": "2022-11-06T14:44:16.085Z"}}, {"model": "store.variation", "pk": 2, "fields": {"product": 1, "variation_category": "color", "variation_value": "Blue", "is_active": true, "created_date": "2022-11-06T14:44:27.929Z"}}, {"model": "store.variation", "pk": 3, "fields": {"product": 1, "variation_category": "color", "variation_value": "Green", "is_active": true, "created_date": "2022-11-06T14:44:35.820Z"}}, {"model": "store.variation", "pk": 4, "fields": {"product": 1, "variation_category": "size", "variation_value": "small", "is_active": true, "created_date": "2022-11-06T15:13:45.375Z"}}, {"model": "store.variation", "pk": 5, "fields": {"product": 1, "variation_category": "size", "variation_value": "medium", "is_active": true, "created_date": "2022-11-06T15:13:52.169Z"}}, {"model": "store.variation", "pk": 6, "fields": {"product": 1, "variation_category": "size", "variation_value": "large", "is_active": true, "created_date": "2022-11-06T15:13:57.771Z"}}, {"model": "store.variation", "pk": 7, "fields": {"product": 3, "variation_category": "color", "variation_value": "White", "is_active": true, "created_date": "2022-11-08T21:26:02.350Z"}}, {"model": "store.variation", "pk": 8, "fields": {"product": 3, "variation_category": "color", "variation_value": "Green", "is_active": true, "created_date": "2022-11-08T21:26:27.658Z"}}, {"model": "store.variation", "pk": 9, "fields": {"product": 3, "variation_category": "size", "variation_value": "small", "is_active": true, "created_date": "2022-11-08T21:26:33.897Z"}}, {"model": "store.variation", "pk": 10, "fields": {"product": 3, "variation_category": "size", "variation_value": "large", "is_active": true, "created_date": "2022-11-08T21:26:41.980Z"}}, {"model": "store.variation", "pk": 11, "fields": {"product": 4, "variation_category": "color", "variation_value": "White", "is_active": true, "created_date": "2022-11-08T21:26:47.627Z"}}, {"model": "store.variation", "pk": 12, "fields": {"product": 4, "variation_category": "size", "variation_value": "small", "is_active": true, "created_date": "2022-11-08T21:26:53.782Z"}}, {"model": "store.variation", "pk": 13, "fields": {"product": 4, "variation_category": "size", "variation_value": "medium", "is_active": true, "created_date": "2022-11-08T21:27:01.606Z"}}, {"model": "store.variation", "pk": 14, "fields": {"product": 4, "variation_category": "color", "variation_value": "Blue", "is_active": true, "created_date": "2022-11-08T21:27:07.617Z"}}, {"model": "store.variation", "pk": 15, "fields": {"product": 2, "variation_category": "size", "variation_value": "S", "is_active": true, "created_date": "2022-11-22T21:29:08.772Z"}}, {"model": "store.variation", "pk": 16, "fields": {"product": 2, "variation_category": "size", "variation_value": "M", "is_active": true, "created_date": "2022-11-22T21:29:14.785Z"}}, {"model": "store.variation", "pk": 17, "fields": {"product": 2, "variation_category": "size", "variation_value": "L", "is_active": true, "created_date": "2022-11-22T21:29:25.583Z"}}, {"model": "store.variation", "pk": 18, "fields": {"product": 2, "variation_category": "size", "variation_value": "XL", "is_active": true, "created_date": "2022-11-22T21:29:30.928Z"}}, {"model": "store.variation", "pk": 19, "fields": {"product": 2, "variation_category": "color", "variation_value": "Blue", "is_active": true, "created_date": "2022-11-22T21:29:38.496Z"}}, {"model": "store.variation", "pk": 20, "fields": {"product": 5, "variation_category": "color", "variation_value": "Blue", "is_active": true, "created_date": "2022-11-22T21:29:56.992Z"}}, {"model": "store.variation", "pk": 21, "fields": {"product": 5, "variation_category": "color", "variation_value": "Black", "is_active": true, "created_date": "2022-11-22T21:30:04.172Z"}}, {"model": "store.variation", "pk": 22, "fields": {"product": 5, "variation_category": "size", "variation_value": "M", "is_active": true, "created_date": "2022-11-22T21:30:17.552Z"}}, {"model": "store.variation", "pk": 23, "fields": {"product": 5, "variation_category": "size", "variation_value": "XL", "is_active": true, "created_date": "2022-11-22T21:30:22.782Z"}}, {"model": "store.variation", "pk": 24, "fields": {"product": 6, "variation_category": "color", "variation_value": "Black/Grey", "is_active": true, "created_date": "2022-11-22T21:30:46.943Z"}}, {"model": "store.variation", "pk": 27, "fields": {"product": 6, "variation_category": "size", "variation_value": "10", "is_active": true, "created_date": "2022-11-22T21:31:55.154Z"}}, {"model": "store.variation", "pk": 28, "fields": {"product": 6, "variation_category": "size", "variation_value": "10.5", "is_active": true, "created_date": "2022-11-22T21:32:01.763Z"}}, {"model": "store.variation", "pk": 29, "fields": {"product": 6, "variation_category": "size", "variation_value": "11", "is_active": true, "created_date": "2022-11-22T21:32:07.624Z"}}, {"model": "store.variation", "pk": 30, "fields": {"product": 6, "variation_category": "size", "variation_value": "12", "is_active": true, "created_date": "2022-11-22T21:32:13.700Z"}}, {"model": "store.variation", "pk": 31, "fields": {"product": 7, "variation_category": "color", "variation_value": "Blue", "is_active": true, "created_date": "2022-11-22T21:32:31.149Z"}}, {"model": "store.variation", "pk": 32, "fields": {"product": 7, "variation_category": "size", "variation_value": "S", "is_active": true, "created_date": "2022-11-22T21:32:43.384Z"}}, {"model": "store.variation", "pk": 33, "fields": {"product": 7, "variation_category": "size", "variation_value": "M", "is_active": true, "created_date": "2022-11-22T21:32:55.039Z"}}, {"model": "store.variation", "pk": 34, "fields": {"product": 7, "variation_category": "size", "variation_value": "XL", "is_active": true, "created_date": "2022-11-22T21:33:00.116Z"}}, {"model": "store.variation", "pk": 35, "fields": {"product": 8, "variation_category": "color", "variation_value": "Brown", "is_active": true, "created_date": "2022-11-22T21:33:07.418Z"}}, {"model": "store.variation", "pk": 36, "fields": {"product": 8, "variation_category": "size", "variation_value": "M", "is_active": true, "created_date": "2022-11-22T21:33:19.208Z"}}, {"model": "store.variation", "pk": 37, "fields": {"product": 8, "variation_category": "size", "variation_value": "L", "is_active": true, "created_date": "2022-11-22T21:33:28.048Z"}}, {"model": "store.variation", "pk": 38, "fields": {"product": 9, "variation_category": "color", "variation_value": "Black", "is_active": true, "created_date": "2022-11-22T21:33:51.336Z"}}, {"model": "store.variation", "pk": 39, "fields": {"product": 9, "variation_category": "size", "variation_value": "8", "is_active": true, "created_date": "2022-11-22T21:34:04.022Z"}}, {"model": "store.variation", "pk": 40, "fields": {"product": 9, "variation_category": "size", "variation_value": "9", "is_active": true, "created_date": "2022-11-22T21:34:09.080Z"}}, {"model": "store.variation", "pk": 41, "fields": {"product": 9, "variation_category": "size", "variation_value": "10", "is_active": true, "created_date": "2022-11-22T21:34:25.586Z"}}, {"model": "store.variation", "pk": 42, "fields": {"product": 9, "variation_category": "size", "variation_value": "11", "is_active": true, "created_date": "2022-11-22T21:34:30.214Z"}}, {"model": "store.variation", "pk": 43, "fields": {"product": 10, "variation_category": "color", "variation_value": "Red", "is_active": true, "created_date": "2022-11-22T21:34:48.581Z"}}, {"model": "store.variation", "pk": 44, "fields": {"product": 10, "variation_category": "color", "variation_value": "Yellow", "is_active": true, "created_date": "2022-11-22T21:34:55.949Z"}}, {"model": "store.variation", "pk": 45, "fields": {"product": 10, "variation_category": "color", "variation_value": "Green", "is_active": true, "created_date": "2022-11-22T21:35:13.130Z"}}, {"model": "store.variation", "pk": 46, "fields": {"product": 10, "variation_category": "color", "variation_value": "Blue", "is_active": true, "created_date": "2022-11-22T21:35:20.932Z"}}, {"model": "store.variation", "pk": 47, "fields": {"product": 10, "variation_category": "color", "variation_value": "White", "is_active": true, "created_date": "2022-11-22T21:35:27.290Z"}}, {"model": "store.variation", "pk": 48, "fields": {"product": 10, "variation_category": "size", "variation_value": "small", "is_active": true, "created_date": "2022-11-22T21:35:35.894Z"}}, {"model": "store.variation", "pk": 49, "fields": {"product": 10, "variation_category": "size", "variation_value": "medium", "is_active": true, "created_date": "2022-11-22T21:35:42.641Z"}}, {"model": "store.variation", "pk": 50, "fields": {"product": 10, "variation_category": "size", "variation_value": "large", "is_active": true, "created_date": "2022-11-22T21:35:48.288Z"}}, {"model": "store.reviewrating", "pk": 1, "fields": {"product": 1, "user": 1, "subject": "Review", "review": "review for 5 stars !", "rating": 5.0, "ip": "127.0.0.1", "status": true, "created_at": "2022-11-18T09:11:04.908Z", "updated_at": "2022-11-19T18:39:28.967Z"}}, {"model": "store.reviewrating", "pk": 3, "fields": {"product": 4, "user": 1, "subject": "Kurtaka", "review": "bardzo fajna wygodna", "rating": 3.0, "ip": "127.0.0.1", "status": true, "created_at": "2022-11-21T20:26:01.511Z", "updated_at": "2022-11-21T20:26:01.511Z"}}, {"model": "store.reviewrating", "pk": 4, "fields": {"product": 3, "user": 1, "subject": "Buty ferrari", "review": "najszybsze w miescie wiesz jak jest", "rating": 4.5, "ip": "127.0.0.1", "status": true, "created_at": "2022-11-21T20:26:19.671Z", "updated_at": "2022-11-21T20:26:47.962Z"}}, {"model": "store.productgallery", "pk": 1, "fields": {"product": 1, "image": "store/products/image1.jpg"}}, {"model": "store.productgallery", "pk": 2, "fields": {"product": 1, "image": "store/products/image2.jpg"}}, {"model": "carts.cart", "pk": 1, "fields": {"cart_id": "w798hmptijvasnc68yz7c8pallw0qn3c", "date_added": "2022-11-03T22:41:10.949Z"}}, {"model": "carts.cart", "pk": 2, "fields": {"cart_id": "2isuya3l3vsp1omlja07q2ifwioc8guv", "date_added": "2022-11-06T21:14:11.008Z"}}, {"model": "carts.cart", "pk": 3, "fields": {"cart_id": "kra6znrbhzcjtm4vf130421arfsihave", "date_added": "2022-11-07T14:57:58.593Z"}}, {"model": "carts.cart", "pk": 4, "fields": {"cart_id": "4terfp1x4x7bnkr2dtgh85y2wv6rhwm5", "date_added": "2022-11-08T16:33:10.485Z"}}, {"model": "carts.cart", "pk": 5, "fields": {"cart_id": "rd6rbt2xllleja73swftm11c02zpdeat", "date_added": "2022-11-08T18:26:12.461Z"}}, {"model": "carts.cart", "pk": 6, "fields": {"cart_id": "p4ecf9qes14ti9d7nsjp6wohm1bng0zn", "date_added": "2022-11-08T18:46:46.093Z"}}, {"model": "carts.cart", "pk": 7, "fields": {"cart_id": "gkfh2togd0al70i4xnrfufgy2v3xpv8g", "date_added": "2022-11-08T18:50:56.032Z"}}, {"model": "carts.cart", "pk": 8, "fields": {"cart_id": "wi5h8a4rar63nugux81zhnol18xx6u8t", "date_added": "2022-11-08T19:07:33.743Z"}}, {"model": "carts.cart", "pk": 9, "fields": {"cart_id": "epi7qxjaosakpl37dbljrgczv3uirn5c", "date_added": "2022-11-08T20:01:04.941Z"}}, {"model": "carts.cart", "pk": 10, "fields": {"cart_id": "my93ef3bidr0tb9o35zp1g7n0t70hu4t", "date_added": "2022-11-08T20:05:53.691Z"}}, {"model": "carts.cart", "pk": 11, "fields": {"cart_id": "e8366qf8mh769loujhpweyfgwftzn47b", "date_added": "2022-11-08T20:07:40.563Z"}}, {"model": "carts.cart", "pk": 12, "fields": {"cart_id": "dsy7rmm16zro7axojn7m1abfnohiuhwz", "date_added": "2022-11-08T20:13:54.007Z"}}, {"model": "carts.cart", "pk": 13, "fields": {"cart_id": "vgk65rkkizmw0f8cqtqu299kc8ts6bah", "date_added": "2022-11-08T20:25:36.730Z"}}, {"model": "carts.cart", "pk": 14, "fields": {"cart_id": "f747yyrwmvmbtiihm7qteccgcsp3st0n", "date_added": "2022-11-08T20:32:18.627Z"}}, {"model": "carts.cart", "pk": 15, "fields": {"cart_id": "m3apcax2wwhole8xuz1mr6xuenv83x9e", "date_added": "2022-11-08T20:47:32.160Z"}}, {"model": "carts.cart", "pk": 16, "fields": {"cart_id": "wwn2hlfzq33ofrtxnkn3oqjc8719vbr0", "date_added": "2022-11-08T20:49:40.282Z"}}, {"model": "carts.cart", "pk": 17, "fields": {"cart_id": "ui3lypr1iykwxz1t3ws533jf068xlq6b", "date_added": "2022-11-08T20:52:29.278Z"}}, {"model": "carts.cart", "pk": 18, "fields": {"cart_id": "ej6whwtrbhgkwwpttc4ztlovvfmlto68", "date_added": "2022-11-08T20:54:53.744Z"}}, {"model": "carts.cart", "pk": 19, "fields": {"cart_id": "57x37d9azo4p78bcktkd32wriak3m95r", "date_added": "2022-11-08T21:04:45.388Z"}}, {"model": "carts.cart", "pk": 20, "fields": {"cart_id": "g64nnqli6ky6ttciztmpo2zhl10zj9ax", "date_added": "2022-11-08T21:10:40.299Z"}}, {"model": "carts.cart", "pk": 21, "fields": {"cart_id": "syi527mvcqi526lrqnts4gl22sjsaezq", "date_added": "2022-11-08T21:27:54.800Z"}}, {"model": "carts.cart", "pk": 22, "fields": {"cart_id": "6ifwqa20i1uyjh1jwjx889p1yycjwf00", "date_added": "2022-11-08T21:42:11.821Z"}}, {"model": "carts.cart", "pk": 23, "fields": {"cart_id": "mmu3o8qeurjuhhkwyv0ku2btjnju59ry", "date_added": "2022-11-08T22:07:47.137Z"}}, {"model": "carts.cart", "pk": 24, "fields": {"cart_id": "5lbd3tdd9oqw699u1n10xktkp7rp08iw", "date_added": "2022-11-08T22:08:31.982Z"}}, {"model": "carts.cart", "pk": 25, "fields": {"cart_id": "2c6zbnbru3esno9u953rel4naykk2enw", "date_added": "2022-11-08T22:09:22.531Z"}}, {"model": "carts.cart", "pk": 26, "fields": {"cart_id": "ny59loz1xnsagowwyg7bks0oerye9y9x", "date_added": "2022-11-08T22:09:52.288Z"}}, {"model": "carts.cart", "pk": 27, "fields": {"cart_id": "k3gm2w7rws4x63lmkb59ik1d99sxjecj", "date_added": "2022-11-16T14:26:39.406Z"}}, {"model": "carts.cart", "pk": 28, "fields": {"cart_id": "9p03cucu8e93bpynw8o13z4x03tzytm1", "date_added": "2022-11-16T15:31:18.208Z"}}, {"model": "carts.cart", "pk": 29, "fields": {"cart_id": "o3eouumhdk16r1bk35scrvoyyg0f6k8q", "date_added": "2022-11-16T18:50:55.204Z"}}, {"model": "carts.cart", "pk": 30, "fields": {"cart_id": "oot1d4xt3qkunqiankmogm9sbwysfhns", "date_added": "2022-11-17T15:41:42.988Z"}}, {"model": "carts.cart", "pk": 31, "fields": {"cart_id": "fduatp242jqwwg8uelli0aozmlvgxicl", "date_added": "2022-11-17T16:27:44.646Z"}}, {"model": "carts.cart", "pk": 32, "fields": {"cart_id": "ccrh1mccplikn939ynyt0sognlfyl67p", "date_added": "2022-11-17T17:08:41.189Z"}}, {"model": "carts.cartitem", "pk": 90, "fields": {"user": null, "product": 1, "cart": 22, "quantity": 1, "is_active": true, "variation": [1, 4]}}, {"model": "carts.cartitem", "pk": 92, "fields": {"user": null, "product": 3, "cart": 22, "quantity": 1, "is_active": true, "variation": [7, 9]}}, {"model": "carts.cartitem", "pk": 94, "fields": {"user": null, "product": 4, "cart": 22, "quantity": 1, "is_active": true, "variation": [11, 12]}}, {"model": "carts.cartitem", "pk": 101, "fields": {"user": null, "product": 1, "cart": 25, "quantity": 1, "is_active": true, "variation": [1, 4]}}, {"model": "orders.payment", "pk": 1, "fields": {"user": 1, "payment_id": "3YS31944AV131864D", "payment_method": "PayPal", "amount_paid": "81.6", "status": "COMPLETED", "created_at": "2022-11-16T20:00:53.216Z"}}, {"model": "orders.payment", "pk": 2, "fields": {"user": 1, "payment_id": "2RL37956R5190133J", "payment_method": "PayPal", "amount_paid": "183.396", "status": "COMPLETED", "created_at": "2022-11-16T20:02:04.174Z"}}, {"model": "orders.payment", "pk": 3, "fields": {"user": 1, "payment_id": "0DB04186NX290451X", "payment_method": "PayPal", "amount_paid": "81.6", "status": "COMPLETED", "created_at": "2022-11-17T15:40:01.301Z"}}, {"model": "orders.payment", "pk": 4, "fields": {"user": 1, "payment_id": "45Y98649N9857182H", "payment_method": "PayPal", "amount_paid": "91.698", "status": "COMPLETED", "created_at": "2022-11-17T15:42:49.703Z"}}, {"model": "orders.payment", "pk": 5, "fields": {"user": 1, "payment_id": "7XL98772P9979134V", "payment_method": "PayPal", "amount_paid": "193.6878", "status": "COMPLETED", "created_at": "2022-11-17T16:28:32.126Z"}}, {"model": "orders.payment", "pk": 6, "fields": {"user": 1, "payment_id": "5SX18326N43971435", "payment_method": "PayPal", "amount_paid": "91.698", "status": "COMPLETED", "created_at": "2022-11-17T16:30:52.996Z"}}, {"model": "orders.payment", "pk": 7, "fields": {"user": 1, "payment_id": "48M17937MK0798344", "payment_method": "PayPal", "amount_paid": "91.698", "status": "COMPLETED", "created_at": "2022-11-17T16:34:35.056Z"}}, {"model": "orders.payment", "pk": 8, "fields": {"user": 1, "payment_id": "53446319C97103817", "payment_method": "PayPal", "amount_paid": "91.698", "status": "COMPLETED", "created_at": "2022-11-17T16:38:04.743Z"}}, {"model": "orders.payment", "pk": 9, "fields": {"user": 1, "payment_id": "53P48076154086502", "payment_method": "PayPal", "amount_paid": "81.6", "status": "COMPLETED", "created_at": "2022-11-17T16:39:04.521Z"}}, {"model": "orders.payment", "pk": 10, "fields": {"user": 1, "payment_id": "67715364796503330", "payment_method": "PayPal", "amount_paid": "101.9898", "status": "COMPLETED", "created_at": "2022-11-17T17:05:13.247Z"}}, {"model": "orders.payment", "pk": 11, "fields": {"user": 1, "payment_id": "9E571439BX647350U", "payment_method": "PayPal", "amount_paid": "1008.678", "status": "COMPLETED", "created_at": "2022-11-17T17:09:42.456Z"}}, {"model": "orders.payment", "pk": 12, "fields": {"user": 1, "payment_id": "5D218000S5441101X", "payment_method": "PayPal", "amount_paid": "101.9898", "status": "COMPLETED", "created_at": "2022-11-17T17:11:23.853Z"}}, {"model": "orders.payment", "pk": 13, "fields": {"user": 1, "payment_id": "7CE82813UK824535J", "payment_method": "PayPal", "amount_paid": "101.9898", "status": "COMPLETED", "created_at": "2022-11-17T17:15:06.458Z"}}, {"model": "orders.payment", "pk": 14, "fields": {"user": 1, "payment_id": "4JX19534P7871872U", "payment_method": "PayPal", "amount_paid": "101.9898", "status": "COMPLETED", "created_at": "2022-11-17T17:16:40.310Z"}}, {"model": "orders.payment", "pk": 15, "fields": {"user": 1, "payment_id": "3647210277795935R", "payment_method": "PayPal", "amount_paid": "81.6", "status": "COMPLETED", "created_at": "2022-11-17T17:18:35.718Z"}}, {"model": "orders.payment", "pk": 16, "fields": {"user": 1, "payment_id": "7VV81912GN3356229", "payment_method": "PayPal", "amount_paid": "101.9898", "status": "COMPLETED", "created_at": "2022-11-17T17:19:54.415Z"}}, {"model": "orders.payment", "pk": 17, "fields": {"user": 13, "payment_id": "83749150D3794143S", "payment_method": "PayPal", "amount_paid": "183.5898", "status": "COMPLETED", "created_at": "2022-11-21T17:17:51.795Z"}}, {"model": "orders.order", "pk": 60, "fields": {"user": 1, "payment": null, "order_number": "2022111660", "first_name": "asd", "last_name": "asd", "phone_number": "asd", "email": "adam343@protonmail.com", "address_line1": "asd", "address_line2": "", "country": "asd", "state": "asd", "city": "asd", "order_note": "", "order_total": 81.6, "tax": 1.6, "status": "New", "ip": "127.0.0.1", "is_ordered": false, "created_at": "2022-11-16T19:58:02.519Z", "updated_at": "2022-11-16T19:58:02.529Z"}}, {"model": "orders.order", "pk": 61, "fields": {"user": 1, "payment": 1, "order_number": "2022111661", "first_name": "asd", "last_name": "asd", "phone_number": "asd", "email": "adam343@protonmail.com", "address_line1": "asd", "address_line2": "", "country": "asd", "state": "asd", "city": "asd", "order_note": "", "order_total": 81.6, "tax": 1.6, "status": "New", "ip": "127.0.0.1", "is_ordered": true, "created_at": "2022-11-16T20:00:41.891Z", "updated_at": "2022-11-16T20:00:53.229Z"}}, {"model": "orders.order", "pk": 62, "fields": {"user": 1, "payment": 2, "order_number": "2022111662", "first_name": "sup", "last_name": "sup", "phone_number": "123", "email": "adam343@protonmail.com", "address_line1": "asd", "address_line2": "", "country": "asd", "state": "asd", "city": "asd", "order_note": "", "order_total": 183.396, "tax": 3.596, "status": "New", "ip": "127.0.0.1", "is_ordered": true, "created_at": "2022-11-16T20:01:53.283Z", "updated_at": "2022-11-16T20:02:04.185Z"}}, {"model": "orders.order", "pk": 63, "fields": {"user": 1, "payment": 3, "order_number": "2022111763", "first_name": "bla", "last_name": "bla", "phone_number": "345345", "email": "adam@email.com", "address_line1": "wer", "address_line2": "", "country": "wer", "state": "wer", "city": "wer", "order_note": "", "order_total": 81.6, "tax": 1.6, "status": "New", "ip": "127.0.0.1", "is_ordered": true, "created_at": "2022-11-17T15:39:44.276Z", "updated_at": "2022-11-17T15:40:01.307Z"}}, {"model": "orders.order", "pk": 64, "fields": {"user": 1, "payment": 4, "order_number": "2022111764", "first_name": "ghj", "last_name": "ghj", "phone_number": "11111111", "email": "najman@najman.com", "address_line1": "ghj", "address_line2": "", "country": "ghj", "state": "ghj", "city": "ghj", "order_note": "", "order_total": 91.698, "tax": 1.798, "status": "New", "ip": "127.0.0.1", "is_ordered": true, "created_at": "2022-11-17T15:42:35.125Z", "updated_at": "2022-11-17T15:42:49.715Z"}}, {"model": "orders.order", "pk": 65, "fields": {"user": 1, "payment": 5, "order_number": "2022111765", "first_name": "ttttttt", "last_name": "tttttttt", "phone_number": "ttttt", "email": "super@email.com", "address_line1": "tttttt", "address_line2": "", "country": "tttttttt", "state": "ttttttt", "city": "ttttt", "order_note": "", "order_total": 193.6878, "tax": 3.7978, "status": "New", "ip": "127.0.0.1", "is_ordered": true, "created_at": "2022-11-17T16:28:14.763Z", "updated_at": "2022-11-17T16:28:32.138Z"}}, {"model": "orders.order", "pk": 66, "fields": {"user": 1, "payment": 6, "order_number": "2022111766", "first_name": "gggg", "last_name": "gggggg", "phone_number": "gg", "email": "najman@email.com", "address_line1": "ggg", "address_line2": "", "country": "gg", "state": "g", "city": "g", "order_note": "", "order_total": 91.698, "tax": 1.798, "status": "New", "ip": "127.0.0.1", "is_ordered": true, "created_at": "2022-11-17T16:30:41.542Z", "updated_at": "2022-11-17T16:30:53.009Z"}}, {"model": "orders.order", "pk": 67, "fields": {"user": 1, "payment": 7, "order_number": "2022111767", "first_name": "jk", "last_name": "jk", "phone_number": "jk", "email": "adam@email.com", "address_line1": "jk", "address_line2": "", "country": "jk", "state": "jk", "city": "jk", "order_note": "", "order_total": 91.698, "tax": 1.798, "status": "New", "ip": "127.0.0.1", "is_ordered": true, "created_at": "2022-11-17T16:34:23.334Z", "updated_at": "2022-11-17T16:34:35.067Z"}}, {"model": "orders.order", "pk": 68, "fields": {"user": 1, "payment": 8, "order_number": "2022111768", "first_name": "op", "last_name": "op", "phone_number": "op", "email": "super@email.com", "address_line1": "op", "address_line2": "", "country": "op", "state": "op", "city": "op", "order_note": "", "order_total": 91.698, "tax": 1.798, "status": "New", "ip": "127.0.0.1", "is_ordered": true, "created_at": "2022-11-17T16:37:52.124Z", "updated_at": "2022-11-17T16:38:04.751Z"}}, {"model": "orders.order", "pk": 69, "fields": {"user": 1, "payment": 9, "order_number": "2022111769", "first_name": "kk", "last_name": "kk", "phone_number": "kk", "email": "super@email.com", "address_line1": "kk", "address_line2": "", "country": "kk", "state": "kk", "city": "kk", "order_note": "", "order_total": 81.6, "tax": 1.6, "status": "New", "ip": "127.0.0.1", "is_ordered": true, "created_at": "2022-11-17T16:38:52.054Z", "updated_at": "2022-11-17T16:39:04.528Z"}}, {"model": "orders.order", "pk": 70, "fields": {"user": 1, "payment": 10, "order_number": "2022111770", "first_name": "vv", "last_name": "vv", "phone_number": "vv", "email": "najman@najman.com", "address_line1": "vv", "address_line2": "", "country": "vv", "state": "vv", "city": "vv", "order_note": "", "order_total": 101.9898, "tax": 1.9998, "status": "New", "ip": "127.0.0.1", "is_ordered": true, "created_at": "2022-11-17T17:04:59.859Z", "updated_at": "2022-11-17T17:05:13.259Z"}}, {"model": "orders.order", "pk": 71, "fields": {"user": 1, "payment": 11, "order_number": "2022111771", "first_name": "zxc", "last_name": "zxc", "phone_number": "zxc", "email": "najman@najman.com", "address_line1": "zxc", "address_line2": "", "country": "zxc", "state": "zxc", "city": "zxc", "order_note": "", "order_total": 1008.678, "tax": 19.778, "status": "New", "ip": "127.0.0.1", "is_ordered": true, "created_at": "2022-11-17T17:09:06.877Z", "updated_at": "2022-11-17T17:09:42.464Z"}}, {"model": "orders.order", "pk": 72, "fields": {"user": 1, "payment": 12, "order_number": "2022111772", "first_name": "m", "last_name": "m", "phone_number": "m", "email": "najman@najman.com", "address_line1": "m", "address_line2": "", "country": "m", "state": "m", "city": "m", "order_note": "", "order_total": 101.9898, "tax": 1.9998, "status": "New", "ip": "127.0.0.1", "is_ordered": true, "created_at": "2022-11-17T17:11:12.401Z", "updated_at": "2022-11-17T17:11:23.863Z"}}, {"model": "orders.order", "pk": 73, "fields": {"user": 1, "payment": 13, "order_number": "2022111773", "first_name": "z", "last_name": "z", "phone_number": "z", "email": "najman@najman.com", "address_line1": "z", "address_line2": "", "country": "z", "state": "z", "city": "z", "order_note": "", "order_total": 101.9898, "tax": 1.9998, "status": "New", "ip": "127.0.0.1", "is_ordered": true, "created_at": "2022-11-17T17:14:55.965Z", "updated_at": "2022-11-17T17:15:06.463Z"}}, {"model": "orders.order", "pk": 74, "fields": {"user": 1, "payment": 14, "order_number": "2022111774", "first_name": "b", "last_name": "b", "phone_number": "b", "email": "najman@email.com", "address_line1": "b", "address_line2": "", "country": "b", "state": "b", "city": "b", "order_note": "", "order_total": 101.9898, "tax": 1.9998, "status": "New", "ip": "127.0.0.1", "is_ordered": true, "created_at": "2022-11-17T17:16:28.124Z", "updated_at": "2022-11-17T17:16:40.316Z"}}, {"model": "orders.order", "pk": 75, "fields": {"user": 1, "payment": 15, "order_number": "2022111775", "first_name": "z", "last_name": "z", "phone_number": "z", "email": "adam@email.com", "address_line1": "z", "address_line2": "", "country": "z", "state": "z", "city": "z", "order_note": "", "order_total": 81.6, "tax": 1.6, "status": "New", "ip": "127.0.0.1", "is_ordered": true, "created_at": "2022-11-17T17:18:25.041Z", "updated_at": "2022-11-17T17:18:35.729Z"}}, {"model": "orders.order", "pk": 76, "fields": {"user": 1, "payment": 16, "order_number": "2022111776", "first_name": "nm", "last_name": "nm", "phone_number": "nm", "email": "super@email.com", "address_line1": "nm", "address_line2": "", "country": "nm", "state": "nm", "city": "nm", "order_note": "", "order_total": 101.9898, "tax": 1.9998, "status": "New", "ip": "127.0.0.1", "is_ordered": true, "created_at": "2022-11-17T17:19:42.954Z", "updated_at": "2022-11-17T17:19:54.426Z"}}, {"model": "orders.order", "pk": 77, "fields": {"user": 13, "payment": 17, "order_number": "2022112177", "first_name": "Adam", "last_name": "Mad", "phone_number": "123123123", "email": "adam343@protonmail.com", "address_line1": "Reja 6", "address_line2": "", "country": "Poland", "state": "Pomeranian", "city": "Kartuzy", "order_note": "Alll white", "order_total": 183.5898, "tax": 3.5998, "status": "New", "ip": "127.0.0.1", "is_ordered": true, "created_at": "2022-11-21T17:17:28.180Z", "updated_at": "2022-11-21T17:17:51.809Z"}}, {"model": "orders.orderproduct", "pk": 1, "fields": {"order": 64, "payment": 4, "user": 1, "product": 1, "quantity": 1, "product_price": 89.9, "ordered": true, "created_at": "2022-11-17T15:42:49.724Z", "updated_at": "2022-11-17T15:42:49.724Z", "variation": []}}, {"model": "orders.orderproduct", "pk": 2, "fields": {"order": 65, "payment": 5, "user": 1, "product": 1, "quantity": 1, "product_price": 89.9, "ordered": true, "created_at": "2022-11-17T16:28:32.146Z", "updated_at": "2022-11-17T16:28:32.160Z", "variation": [2, 5]}}, {"model": "orders.orderproduct", "pk": 3, "fields": {"order": 65, "payment": 5, "user": 1, "product": 4, "quantity": 1, "product_price": 99.99, "ordered": true, "created_at": "2022-11-17T16:28:32.169Z", "updated_at": "2022-11-17T16:28:32.187Z", "variation": [13, 14]}}, {"model": "orders.orderproduct", "pk": 4, "fields": {"order": 66, "payment": 6, "user": 1, "product": 1, "quantity": 1, "product_price": 89.9, "ordered": true, "created_at": "2022-11-17T16:30:53.020Z", "updated_at": "2022-11-17T16:30:53.034Z", "variation": [2, 6]}}, {"model": "orders.orderproduct", "pk": 5, "fields": {"order": 67, "payment": 7, "user": 1, "product": 1, "quantity": 1, "product_price": 89.9, "ordered": true, "created_at": "2022-11-17T16:34:35.077Z", "updated_at": "2022-11-17T16:34:35.077Z", "variation": []}}, {"model": "orders.orderproduct", "pk": 6, "fields": {"order": 68, "payment": 8, "user": 1, "product": 1, "quantity": 1, "product_price": 89.9, "ordered": true, "created_at": "2022-11-17T16:38:04.760Z", "updated_at": "2022-11-17T16:38:04.760Z", "variation": []}}, {"model": "orders.orderproduct", "pk": 7, "fields": {"order": 69, "payment": 9, "user": 1, "product": 3, "quantity": 1, "product_price": 80.0, "ordered": true, "created_at": "2022-11-17T16:39:04.541Z", "updated_at": "2022-11-17T16:39:04.560Z", "variation": [7, 10]}}, {"model": "orders.orderproduct", "pk": 8, "fields": {"order": 70, "payment": 10, "user": 1, "product": 4, "quantity": 1, "product_price": 99.99, "ordered": true, "created_at": "2022-11-17T17:05:13.268Z", "updated_at": "2022-11-17T17:05:13.282Z", "variation": [12, 14]}}, {"model": "orders.orderproduct", "pk": 9, "fields": {"order": 71, "payment": 11, "user": 1, "product": 1, "quantity": 11, "product_price": 89.9, "ordered": true, "created_at": "2022-11-17T17:09:42.476Z", "updated_at": "2022-11-17T17:09:42.497Z", "variation": [3, 6]}}, {"model": "orders.orderproduct", "pk": 10, "fields": {"order": 72, "payment": 12, "user": 1, "product": 4, "quantity": 1, "product_price": 99.99, "ordered": true, "created_at": "2022-11-17T17:11:23.873Z", "updated_at": "2022-11-17T17:11:23.890Z", "variation": [11, 12]}}, {"model": "orders.orderproduct", "pk": 11, "fields": {"order": 73, "payment": 13, "user": 1, "product": 4, "quantity": 1, "product_price": 99.99, "ordered": true, "created_at": "2022-11-17T17:15:06.474Z", "updated_at": "2022-11-17T17:15:06.495Z", "variation": [12, 14]}}, {"model": "orders.orderproduct", "pk": 12, "fields": {"order": 74, "payment": 14, "user": 1, "product": 4, "quantity": 1, "product_price": 99.99, "ordered": true, "created_at": "2022-11-17T17:16:40.327Z", "updated_at": "2022-11-17T17:16:40.344Z", "variation": [11, 12]}}, {"model": "orders.orderproduct", "pk": 13, "fields": {"order": 75, "payment": 15, "user": 1, "product": 3, "quantity": 1, "product_price": 80.0, "ordered": true, "created_at": "2022-11-17T17:18:35.738Z", "updated_at": "2022-11-17T17:18:35.753Z", "variation": [8, 10]}}, {"model": "orders.orderproduct", "pk": 14, "fields": {"order": 76, "payment": 16, "user": 1, "product": 4, "quantity": 1, "product_price": 99.99, "ordered": true, "created_at": "2022-11-17T17:19:54.435Z", "updated_at": "2022-11-17T17:19:54.456Z", "variation": [13, 14]}}, {"model": "orders.orderproduct", "pk": 15, "fields": {"order": 77, "payment": 17, "user": 13, "product": 3, "quantity": 1, "product_price": 80.0, "ordered": true, "created_at": "2022-11-21T17:17:51.820Z", "updated_at": "2022-11-21T17:17:51.841Z", "variation": [7, 10]}}, {"model": "orders.orderproduct", "pk": 16, "fields": {"order": 77, "payment": 17, "user": 13, "product": 4, "quantity": 1, "product_price": 99.99, "ordered": true, "created_at": "2022-11-21T17:17:51.855Z", "updated_at": "2022-11-21T17:17:51.871Z", "variation": [11, 13]}}]